time,pid,port,download_(bytes),upload_(bytes),app,media,user
2023-06-15 14:58:14,14664.0,0.0,20617,230,siruntu,webcam,viewer_8
2023-06-15 14:58:15,14664.0,0.0,20217,620,siruntu,webcam,viewer_8
2023-06-15 14:58:16,14664.0,0.0,19410,844,siruntu,webcam,viewer_8
2023-06-15 14:58:17,14664.0,0.0,23536,732,siruntu,webcam,viewer_8
2023-06-15 14:58:18,14664.0,0.0,19421,882,siruntu,webcam,viewer_8
2023-06-15 14:58:19,14664.0,0.0,19080,620,siruntu,webcam,viewer_8
2023-06-15 14:58:20,14664.0,0.0,22902,844,siruntu,webcam,viewer_8
2023-06-15 14:58:21,14664.0,0.0,19463,620,siruntu,webcam,viewer_8
2023-06-15 14:58:22,14664.0,0.0,21377,732,siruntu,webcam,viewer_8
2023-06-15 14:58:23,14664.0,0.0,21605,732,siruntu,webcam,viewer_8
2023-06-15 14:58:25,29328.0,0.0,20207,720,siruntu,webcam,viewer_8
2023-06-15 14:58:26,14664.0,0.0,22351,560,siruntu,webcam,viewer_8
2023-06-15 14:58:27,14664.0,0.0,21392,336,siruntu,webcam,viewer_8
2023-06-15 14:58:28,14664.0,0.0,20972,678,siruntu,webcam,viewer_8
2023-06-15 14:58:29,14664.0,0.0,19909,622,siruntu,webcam,viewer_8
2023-06-15 14:58:30,14664.0,0.0,20923,560,siruntu,webcam,viewer_8
2023-06-15 14:58:31,14664.0,0.0,21766,590,siruntu,webcam,viewer_8
2023-06-15 14:58:32,14664.0,0.0,19819,536,siruntu,webcam,viewer_8
2023-06-15 14:58:33,14664.0,0.0,21340,702,siruntu,webcam,viewer_8
2023-06-15 14:58:34,14664.0,0.0,17677,336,siruntu,webcam,viewer_8
2023-06-15 14:58:35,14664.0,0.0,23300,560,siruntu,webcam,viewer_8
2023-06-15 14:58:36,14664.0,0.0,20287,590,siruntu,webcam,viewer_8
2023-06-15 14:58:37,14664.0,0.0,21122,560,siruntu,webcam,viewer_8
2023-06-15 14:58:38,14664.0,0.0,20528,678,siruntu,webcam,viewer_8
2023-06-15 14:58:39,14664.0,0.0,18479,510,siruntu,webcam,viewer_8
2023-06-15 14:58:40,14664.0,0.0,21299,448,siruntu,webcam,viewer_8
2023-06-15 14:58:41,29328.0,0.0,21336,832,siruntu,webcam,viewer_8
2023-06-15 14:58:42,14664.0,0.0,21462,448,siruntu,webcam,viewer_8
2023-06-15 14:58:43,14664.0,0.0,18119,448,siruntu,webcam,viewer_8
2023-06-15 14:58:44,14664.0,0.0,19429,590,siruntu,webcam,viewer_8
2023-06-15 14:58:45,14664.0,0.0,20367,448,siruntu,webcam,viewer_8
2023-06-15 14:58:46,14664.0,0.0,23411,790,siruntu,webcam,viewer_8
2023-06-15 14:58:47,14664.0,0.0,21731,448,siruntu,webcam,viewer_8
2023-06-15 14:58:48,14664.0,0.0,17468,448,siruntu,webcam,viewer_8
2023-06-15 14:58:49,14664.0,0.0,21925,652,siruntu,webcam,viewer_8
2023-06-15 14:58:50,14664.0,0.0,21779,224,siruntu,webcam,viewer_8
2023-06-15 14:58:51,14664.0,0.0,19058,448,siruntu,webcam,viewer_8
2023-06-15 14:58:52,14664.0,0.0,21296,590,siruntu,webcam,viewer_8
2023-06-15 14:58:53,14664.0,0.0,20257,536,siruntu,webcam,viewer_8
2023-06-15 14:58:54,14664.0,0.0,15544,590,siruntu,webcam,viewer_8
2023-06-15 14:58:55,14664.0,0.0,25823,448,siruntu,webcam,viewer_8
2023-06-15 14:58:56,14664.0,0.0,19790,560,siruntu,webcam,viewer_8
2023-06-15 14:58:57,14664.0,0.0,20112,590,siruntu,webcam,viewer_8
2023-06-15 14:58:58,29328.0,0.0,20343,578,siruntu,webcam,viewer_8
2023-06-15 14:58:59,14664.0,0.0,16302,652,siruntu,webcam,viewer_8
2023-06-15 14:59:00,14664.0,0.0,19483,560,siruntu,webcam,viewer_8
2023-06-15 14:59:01,14664.0,0.0,24714,560,siruntu,webcam,viewer_8
2023-06-15 14:59:02,14664.0,0.0,22486,678,siruntu,webcam,viewer_8
2023-06-15 14:59:03,14664.0,0.0,20676,560,siruntu,webcam,viewer_8
2023-06-15 14:59:04,14664.0,0.0,15395,448,siruntu,webcam,viewer_8
2023-06-15 14:59:05,14664.0,0.0,23265,702,siruntu,webcam,viewer_8
2023-06-15 14:59:06,14664.0,0.0,21945,560,siruntu,webcam,viewer_8
2023-06-15 14:59:07,29328.0,0.0,24767,858,siruntu,webcam,viewer_8
2023-06-15 14:59:08,29328.0,0.0,19140,610,siruntu,webcam,viewer_8
2023-06-15 14:59:09,14664.0,0.0,15821,622,siruntu,webcam,viewer_8
2023-06-15 14:59:10,14664.0,0.0,23220,590,siruntu,webcam,viewer_8
2023-06-15 14:59:11,14664.0,0.0,18910,448,siruntu,webcam,viewer_8
2023-06-15 14:59:12,14664.0,0.0,22321,590,siruntu,webcam,viewer_8
2023-06-15 14:59:13,14664.0,0.0,17893,536,siruntu,webcam,viewer_8
2023-06-15 14:59:14,29328.0,0.0,21786,490,siruntu,webcam,viewer_8
2023-06-15 14:59:15,14664.0,0.0,22960,702,siruntu,webcam,viewer_8
2023-06-15 14:59:16,14664.0,0.0,20719,536,siruntu,webcam,viewer_8
2023-06-15 14:59:17,14664.0,0.0,18977,448,siruntu,webcam,viewer_8
2023-06-15 14:59:18,14664.0,0.0,20347,702,siruntu,webcam,viewer_8
2023-06-15 14:59:19,14664.0,0.0,18122,510,siruntu,webcam,viewer_8
2023-06-15 14:59:20,14664.0,0.0,20653,702,siruntu,webcam,viewer_8
2023-06-15 14:59:22,14664.0,0.0,21526,448,siruntu,webcam,viewer_8
2023-06-15 14:59:23,14664.0,0.0,21666,648,siruntu,webcam,viewer_8
2023-06-15 14:59:24,14664.0,0.0,20717,590,siruntu,webcam,viewer_8
2023-06-15 14:59:25,14664.0,0.0,18432,560,siruntu,webcam,viewer_8
2023-06-15 14:59:26,14664.0,0.0,20421,678,siruntu,webcam,viewer_8
2023-06-15 14:59:27,14664.0,0.0,22687,560,siruntu,webcam,viewer_8
2023-06-15 14:59:28,14664.0,0.0,18631,448,siruntu,webcam,viewer_8
2023-06-15 14:59:29,14664.0,0.0,19788,590,siruntu,webcam,viewer_8
2023-06-15 14:59:30,14664.0,0.0,21602,710,siruntu,webcam,viewer_8
2023-06-15 14:59:31,29328.0,0.0,20734,490,siruntu,webcam,viewer_8
2023-06-15 14:59:32,14664.0,0.0,19326,702,siruntu,webcam,viewer_8
2023-06-15 14:59:33,14664.0,0.0,20180,448,siruntu,webcam,viewer_8
2023-06-15 14:59:34,14664.0,0.0,18311,590,siruntu,webcam,viewer_8
2023-06-15 14:59:35,14664.0,0.0,20811,648,siruntu,webcam,viewer_8
2023-06-15 14:59:36,14664.0,0.0,20584,448,siruntu,webcam,viewer_8
2023-06-15 14:59:37,14664.0,0.0,23396,702,siruntu,webcam,viewer_8
2023-06-15 14:59:38,14664.0,0.0,19667,448,siruntu,webcam,viewer_8
2023-06-15 14:59:39,14664.0,0.0,20192,448,siruntu,webcam,viewer_8
2023-06-15 14:59:40,14664.0,0.0,17848,740,siruntu,webcam,viewer_8
2023-06-15 14:59:41,14664.0,0.0,21558,560,siruntu,webcam,viewer_8
2023-06-15 14:59:42,14664.0,0.0,21217,590,siruntu,webcam,viewer_8
2023-06-15 14:59:43,14664.0,0.0,20986,560,siruntu,webcam,viewer_8
2023-06-15 14:59:44,14664.0,0.0,18898,560,siruntu,webcam,viewer_8
2023-06-15 14:59:45,14664.0,0.0,20659,590,siruntu,webcam,viewer_8
2023-06-15 14:59:46,14664.0,0.0,19353,448,siruntu,webcam,viewer_8
2023-06-15 14:59:47,14664.0,0.0,21677,790,siruntu,webcam,viewer_8
2023-06-15 14:59:48,29328.0,0.0,20729,490,siruntu,webcam,viewer_8
2023-06-15 14:59:49,14664.0,0.0,17027,560,siruntu,webcam,viewer_8
2023-06-15 14:59:50,14664.0,0.0,18275,628,siruntu,webcam,viewer_8
2023-06-15 14:59:51,32460.0,0.0,20222,665,siruntu,webcam,viewer_8
2023-06-15 14:59:52,32460.0,0.0,20317,553,siruntu,webcam,viewer_8
2023-06-15 14:59:53,32460.0,0.0,24443,807,siruntu,webcam,viewer_8
2023-06-15 14:59:54,14664.0,0.0,16731,448,siruntu,webcam,viewer_8
2023-06-15 14:59:55,14664.0,0.0,20066,678,siruntu,webcam,viewer_8
2023-06-15 14:59:56,14664.0,0.0,20784,448,siruntu,webcam,viewer_8
2023-06-15 14:59:57,14664.0,0.0,21588,448,siruntu,webcam,viewer_8
2023-06-15 14:59:58,14664.0,0.0,20237,702,siruntu,webcam,viewer_8
2023-06-15 14:59:59,14664.0,0.0,19118,448,siruntu,webcam,viewer_8
2023-06-15 15:00:00,14664.0,0.0,20224,652,siruntu,webcam,viewer_8
2023-06-15 15:00:01,14664.0,0.0,21755,648,siruntu,webcam,viewer_8
2023-06-15 15:00:02,14664.0,0.0,19618,448,siruntu,webcam,viewer_8
2023-06-15 15:00:03,14664.0,0.0,20504,590,siruntu,webcam,viewer_8
2023-06-15 15:00:04,29328.0,0.0,19450,578,siruntu,webcam,viewer_8
2023-06-15 15:00:05,14664.0,0.0,20507,560,siruntu,webcam,viewer_8
2023-06-15 15:00:06,14664.0,0.0,19240,590,siruntu,webcam,viewer_8
2023-06-15 15:00:07,14664.0,0.0,21624,560,siruntu,webcam,viewer_8
2023-06-15 15:00:08,14664.0,0.0,20983,590,siruntu,webcam,viewer_8
2023-06-15 15:00:09,14664.0,0.0,18494,448,siruntu,webcam,viewer_8
2023-06-15 15:00:10,14664.0,0.0,17952,510,siruntu,webcam,viewer_8
2023-06-15 15:00:11,14664.0,0.0,20957,790,siruntu,webcam,viewer_8
2023-06-15 15:00:12,14664.0,0.0,21413,448,siruntu,webcam,viewer_8
2023-06-15 15:00:13,14664.0,0.0,20603,448,siruntu,webcam,viewer_8
2023-06-15 15:00:14,14664.0,0.0,21112,678,siruntu,webcam,viewer_8
2023-06-15 15:00:15,14664.0,0.0,19932,560,siruntu,webcam,viewer_8
2023-06-15 15:00:16,14664.0,0.0,21899,702,siruntu,webcam,viewer_8
2023-06-15 15:00:17,14664.0,0.0,20014,336,siruntu,webcam,viewer_8
2023-06-15 15:00:18,14664.0,0.0,19627,648,siruntu,webcam,viewer_8
2023-06-15 15:00:19,14664.0,0.0,16741,590,siruntu,webcam,viewer_8
2023-06-15 15:00:20,14664.0,0.0,23571,560,siruntu,webcam,viewer_8
2023-06-15 15:00:21,14664.0,0.0,20830,590,siruntu,webcam,viewer_8
2023-06-15 15:00:22,14664.0,0.0,21134,560,siruntu,webcam,viewer_8
2023-06-15 15:00:23,14664.0,0.0,19853,448,siruntu,webcam,viewer_8
2023-06-15 15:00:24,14664.0,0.0,16609,678,siruntu,webcam,viewer_8
2023-06-15 15:00:25,14664.0,0.0,18534,336,siruntu,webcam,viewer_8
2023-06-15 15:00:26,14664.0,0.0,24649,448,siruntu,webcam,viewer_8
2023-06-15 15:00:27,14664.0,0.0,21305,702,siruntu,webcam,viewer_8
2023-06-15 15:00:28,14664.0,0.0,20264,536,siruntu,webcam,viewer_8
2023-06-15 15:00:30,14664.0,0.0,15196,590,siruntu,webcam,viewer_8
2023-06-15 15:00:31,14664.0,0.0,8946,224,siruntu,webcam,viewer_8
2023-06-15 15:00:32,14664.0,0.0,23393,448,siruntu,webcam,viewer_8
2023-06-15 15:00:33,14664.0,0.0,17015,590,siruntu,webcam,viewer_8
2023-06-15 15:00:34,14664.0,0.0,20217,448,siruntu,webcam,viewer_8
2023-06-15 15:00:35,14664.0,0.0,20137,790,siruntu,webcam,viewer_8
2023-06-15 15:00:36,14664.0,0.0,22566,448,siruntu,webcam,viewer_8
2023-06-15 15:00:37,14664.0,0.0,21489,448,siruntu,webcam,viewer_8
2023-06-15 15:00:38,29328.0,0.0,13101,496,siruntu,webcam,viewer_8
2023-06-15 15:00:39,14664.0,0.0,18363,336,siruntu,webcam,viewer_8
2023-06-15 15:00:40,14664.0,0.0,15354,448,siruntu,webcam,viewer_8
2023-06-15 15:00:41,14664.0,0.0,19964,702,siruntu,webcam,viewer_8
2023-06-15 15:00:42,14664.0,0.0,17871,536,siruntu,webcam,viewer_8
2023-06-15 15:00:43,14664.0,0.0,16895,590,siruntu,webcam,viewer_8
2023-06-15 15:00:44,14664.0,0.0,22244,560,siruntu,webcam,viewer_8
2023-06-15 15:00:45,14664.0,0.0,19290,536,siruntu,webcam,viewer_8
2023-06-15 15:00:46,14664.0,0.0,19596,702,siruntu,webcam,viewer_8
2023-06-15 15:00:47,14664.0,0.0,20628,448,siruntu,webcam,viewer_8
2023-06-15 15:00:48,14664.0,0.0,16676,590,siruntu,webcam,viewer_8
2023-06-15 15:00:49,14664.0,0.0,22422,560,siruntu,webcam,viewer_8
2023-06-15 15:00:50,14664.0,0.0,18080,336,siruntu,webcam,viewer_8
2023-06-15 15:00:51,14664.0,0.0,20580,702,siruntu,webcam,viewer_8
2023-06-15 15:00:52,14664.0,0.0,18734,536,siruntu,webcam,viewer_8
2023-06-15 15:00:53,14664.0,0.0,21091,448,siruntu,webcam,viewer_8
2023-06-15 15:00:54,29328.0,0.0,21909,744,siruntu,webcam,viewer_8
2023-06-15 15:00:55,14664.0,0.0,14294,336,siruntu,webcam,viewer_8
2023-06-15 15:00:56,14664.0,0.0,23281,790,siruntu,webcam,viewer_8
2023-06-15 15:00:57,14664.0,0.0,21343,448,siruntu,webcam,viewer_8
2023-06-15 15:00:58,14664.0,0.0,21797,560,siruntu,webcam,viewer_8
2023-06-15 15:00:59,14664.0,0.0,19241,590,siruntu,webcam,viewer_8
2023-06-15 15:01:00,14664.0,0.0,21987,448,siruntu,webcam,viewer_8
2023-06-15 15:01:01,14664.0,0.0,20033,678,siruntu,webcam,viewer_8
2023-06-15 15:01:02,14664.0,0.0,22165,560,siruntu,webcam,viewer_8
2023-06-15 15:01:03,14664.0,0.0,20749,448,siruntu,webcam,viewer_8
2023-06-15 15:01:04,14664.0,0.0,17224,566,siruntu,webcam,viewer_8
2023-06-15 15:01:05,14664.0,0.0,22767,560,siruntu,webcam,viewer_8
2023-06-15 15:01:06,14664.0,0.0,19812,448,siruntu,webcam,viewer_8
2023-06-15 15:01:07,14664.0,0.0,22784,790,siruntu,webcam,viewer_8
2023-06-15 15:01:08,14664.0,0.0,20533,448,siruntu,webcam,viewer_8
2023-06-15 15:01:09,14664.0,0.0,21248,702,siruntu,webcam,viewer_8
2023-06-15 15:01:10,14664.0,0.0,18830,336,siruntu,webcam,viewer_8
2023-06-15 15:01:11,29328.0,0.0,21381,602,siruntu,webcam,viewer_8
2023-06-15 15:01:12,14664.0,0.0,20625,590,siruntu,webcam,viewer_8
2023-06-15 15:01:13,14664.0,0.0,19844,560,siruntu,webcam,viewer_8
2023-06-15 15:01:14,14664.0,0.0,22412,678,siruntu,webcam,viewer_8
2023-06-15 15:01:15,14664.0,0.0,20569,448,siruntu,webcam,viewer_8
2023-06-15 15:01:16,14664.0,0.0,18947,448,siruntu,webcam,viewer_8
2023-06-15 15:01:17,14664.0,0.0,20249,702,siruntu,webcam,viewer_8
2023-06-15 15:01:18,14664.0,0.0,21017,448,siruntu,webcam,viewer_8
2023-06-15 15:01:20,14664.0,0.0,17599,536,siruntu,webcam,viewer_8
2023-06-15 15:01:21,14664.0,0.0,20558,702,siruntu,webcam,viewer_8
2023-06-15 15:01:22,14664.0,0.0,20549,448,siruntu,webcam,viewer_8
2023-06-15 15:01:23,14664.0,0.0,22088,702,siruntu,webcam,viewer_8
2023-06-15 15:01:24,14664.0,0.0,21917,536,siruntu,webcam,viewer_8
2023-06-15 15:01:25,14664.0,0.0,22937,560,siruntu,webcam,viewer_8
2023-06-15 15:01:26,14664.0,0.0,19878,590,siruntu,webcam,viewer_8
2023-06-15 15:01:27,14664.0,0.0,20476,448,siruntu,webcam,viewer_8
2023-06-15 15:01:28,29328.0,0.0,20329,744,siruntu,webcam,viewer_8
2023-06-15 15:01:29,14664.0,0.0,19345,536,siruntu,webcam,viewer_8
2023-06-15 15:01:30,14664.0,0.0,20072,592,siruntu,webcam,viewer_8
2023-06-15 15:01:31,14664.0,0.0,23369,830,siruntu,webcam,viewer_8
2023-06-15 15:01:32,14664.0,0.0,14706,424,siruntu,webcam,viewer_8
2023-06-15 15:01:33,14664.0,0.0,26707,448,siruntu,webcam,viewer_8
2023-06-15 15:01:34,14664.0,0.0,21298,702,siruntu,webcam,viewer_8
2023-06-15 15:01:35,14664.0,0.0,19826,448,siruntu,webcam,viewer_8
2023-06-15 15:01:36,14664.0,0.0,14433,590,siruntu,webcam,viewer_8
2023-06-15 15:01:37,14664.0,0.0,17491,448,siruntu,webcam,viewer_8
2023-06-15 15:01:38,14664.0,0.0,20003,560,siruntu,webcam,viewer_8
2023-06-15 15:01:39,14664.0,0.0,20533,678,siruntu,webcam,viewer_8
2023-06-15 15:01:40,14664.0,0.0,22226,448,siruntu,webcam,viewer_8
2023-06-15 15:01:41,14664.0,0.0,20283,560,siruntu,webcam,viewer_8
2023-06-15 15:01:42,14664.0,0.0,19550,590,siruntu,webcam,viewer_8
2023-06-15 15:01:43,14664.0,0.0,19558,536,siruntu,webcam,viewer_8
2023-06-15 15:01:44,29328.0,0.0,21802,632,siruntu,webcam,viewer_8
2023-06-15 15:01:45,14664.0,0.0,21107,448,siruntu,webcam,viewer_8
2023-06-15 15:01:46,14664.0,0.0,19622,448,siruntu,webcam,viewer_8
2023-06-15 15:01:47,14664.0,0.0,19757,702,siruntu,webcam,viewer_8
2023-06-15 15:01:48,14664.0,0.0,20045,448,siruntu,webcam,viewer_8
2023-06-15 15:01:49,14664.0,0.0,21511,702,siruntu,webcam,viewer_8
2023-06-15 15:01:50,14664.0,0.0,21281,536,siruntu,webcam,viewer_8
2023-06-15 15:01:51,32460.0,0.0,20310,777,siruntu,webcam,viewer_8
2023-06-15 15:01:52,32460.0,0.0,19869,807,siruntu,webcam,viewer_8
2023-06-15 15:01:53,32460.0,0.0,18278,865,siruntu,webcam,viewer_8
2023-06-15 15:01:54,14664.0,0.0,20195,448,siruntu,webcam,viewer_8
2023-06-15 15:01:55,14664.0,0.0,22081,590,siruntu,webcam,viewer_8
2023-06-15 15:01:56,14664.0,0.0,21023,560,siruntu,webcam,viewer_8
2023-06-15 15:01:57,14664.0,0.0,20034,590,siruntu,webcam,viewer_8
2023-06-15 15:01:58,14664.0,0.0,19697,560,siruntu,webcam,viewer_8
2023-06-15 15:01:59,14664.0,0.0,20072,536,siruntu,webcam,viewer_8
2023-06-15 15:02:00,14664.0,0.0,21497,702,siruntu,webcam,viewer_8
2023-06-15 15:02:01,14664.0,0.0,20366,448,siruntu,webcam,viewer_8
2023-06-15 15:02:02,14664.0,0.0,19817,590,siruntu,webcam,viewer_8
2023-06-15 15:02:03,14664.0,0.0,20348,560,siruntu,webcam,viewer_8
2023-06-15 15:02:04,14664.0,0.0,19977,448,siruntu,webcam,viewer_8
2023-06-15 15:02:05,14664.0,0.0,21378,702,siruntu,webcam,viewer_8
2023-06-15 15:02:06,14664.0,0.0,19845,536,siruntu,webcam,viewer_8
2023-06-15 15:02:07,14664.0,0.0,16981,448,siruntu,webcam,viewer_8
2023-06-15 15:02:08,14664.0,0.0,21009,702,siruntu,webcam,viewer_8
2023-06-15 15:02:09,14664.0,0.0,24504,448,siruntu,webcam,viewer_8
2023-06-15 15:02:10,14664.0,0.0,20633,590,siruntu,webcam,viewer_8
2023-06-15 15:02:11,14664.0,0.0,19996,560,siruntu,webcam,viewer_8
2023-06-15 15:02:13,14664.0,0.0,20571,536,siruntu,webcam,viewer_8
2023-06-15 15:02:14,14664.0,0.0,19512,702,siruntu,webcam,viewer_8
2023-06-15 15:02:15,14664.0,0.0,18654,448,siruntu,webcam,viewer_8
2023-06-15 15:02:16,14664.0,0.0,21225,590,siruntu,webcam,viewer_8
2023-06-15 15:02:17,14664.0,0.0,22951,648,siruntu,webcam,viewer_8
2023-06-15 15:02:18,29328.0,0.0,20390,490,siruntu,webcam,viewer_8
2023-06-15 15:02:19,14664.0,0.0,20012,702,siruntu,webcam,viewer_8
2023-06-15 15:02:20,14664.0,0.0,19637,648,siruntu,webcam,viewer_8
2023-06-15 15:02:21,14664.0,0.0,21311,448,siruntu,webcam,viewer_8
2023-06-15 15:02:22,14664.0,0.0,21309,590,siruntu,webcam,viewer_8
2023-06-15 15:02:23,14664.0,0.0,24601,560,siruntu,webcam,viewer_8
2023-06-15 15:02:24,14664.0,0.0,19366,790,siruntu,webcam,viewer_8
2023-06-15 15:02:25,14664.0,0.0,19448,448,siruntu,webcam,viewer_8
2023-06-15 15:02:26,14664.0,0.0,20249,448,siruntu,webcam,viewer_8
2023-06-15 15:02:27,14664.0,0.0,23001,590,siruntu,webcam,viewer_8
2023-06-15 15:02:28,14664.0,0.0,21399,648,siruntu,webcam,viewer_8
2023-06-15 15:02:29,14664.0,0.0,19734,590,siruntu,webcam,viewer_8
2023-06-15 15:02:30,14664.0,0.0,22976,560,siruntu,webcam,viewer_8
2023-06-15 15:02:31,14664.0,0.0,17322,448,siruntu,webcam,viewer_8
2023-06-15 15:02:32,14664.0,0.0,21419,678,siruntu,webcam,viewer_8
2023-06-15 15:02:33,14664.0,0.0,22244,448,siruntu,webcam,viewer_8
2023-06-15 15:02:34,29328.0,0.0,19822,490,siruntu,webcam,viewer_8
2023-06-15 15:02:35,14664.0,0.0,19736,702,siruntu,webcam,viewer_8
2023-06-15 15:02:36,14664.0,0.0,20966,336,siruntu,webcam,viewer_8
2023-06-15 15:02:37,14664.0,0.0,25204,790,siruntu,webcam,viewer_8
2023-06-15 15:02:38,14664.0,0.0,20490,560,siruntu,webcam,viewer_8
2023-06-15 15:02:39,14664.0,0.0,20206,448,siruntu,webcam,viewer_8
2023-06-15 15:02:40,14664.0,0.0,20513,590,siruntu,webcam,viewer_8
2023-06-15 15:02:41,14664.0,0.0,22166,448,siruntu,webcam,viewer_8
2023-06-15 15:02:42,14664.0,0.0,20549,702,siruntu,webcam,viewer_8
2023-06-15 15:02:43,14664.0,0.0,21003,536,siruntu,webcam,viewer_8
2023-06-15 15:02:44,14664.0,0.0,18845,448,siruntu,webcam,viewer_8
2023-06-15 15:02:45,14664.0,0.0,21618,590,siruntu,webcam,viewer_8
2023-06-15 15:02:46,14664.0,0.0,23415,560,siruntu,webcam,viewer_8
2023-06-15 15:02:47,14664.0,0.0,23526,648,siruntu,webcam,viewer_8
2023-06-15 15:02:48,14664.0,0.0,18702,478,siruntu,webcam,viewer_8
2023-06-15 15:02:49,14664.0,0.0,20263,560,siruntu,webcam,viewer_8
2023-06-15 15:02:50,14664.0,0.0,23410,702,siruntu,webcam,viewer_8
2023-06-15 15:02:51,29328.0,0.0,20840,490,siruntu,webcam,viewer_8
2023-06-15 15:02:52,14664.0,0.0,22125,816,siruntu,webcam,viewer_8
2023-06-15 15:02:53,14664.0,0.0,21688,582,siruntu,webcam,viewer_8
2023-06-15 15:02:54,14664.0,0.0,17597,448,siruntu,webcam,viewer_8
2023-06-15 15:02:55,14664.0,0.0,19921,336,siruntu,webcam,viewer_8
2023-06-15 15:02:56,14664.0,0.0,23641,790,siruntu,webcam,viewer_8
2023-06-15 15:02:57,14664.0,0.0,23967,560,siruntu,webcam,viewer_8
2023-06-15 15:02:58,14664.0,0.0,19784,478,siruntu,webcam,viewer_8
2023-06-15 15:02:59,14664.0,0.0,23326,704,siruntu,webcam,viewer_8
2023-06-15 15:03:00,14664.0,0.0,10184,448,siruntu,webcam,viewer_8
2023-06-15 15:03:01,14664.0,0.0,32717,478,siruntu,webcam,viewer_8
2023-06-15 15:03:02,14664.0,0.0,21379,424,siruntu,webcam,viewer_8
2023-06-15 15:03:03,14664.0,0.0,20862,478,siruntu,webcam,viewer_8
2023-06-15 15:03:04,14664.0,0.0,21204,336,siruntu,webcam,viewer_8
2023-06-15 15:03:05,14664.0,0.0,21392,448,siruntu,webcam,viewer_8
2023-06-15 15:03:06,14664.0,0.0,21401,590,siruntu,webcam,viewer_8
2023-06-15 15:03:08,14664.0,0.0,22035,448,siruntu,webcam,viewer_8
2023-06-15 15:03:09,14664.0,0.0,21454,560,siruntu,webcam,viewer_8
2023-06-15 15:03:10,14664.0,0.0,16905,678,siruntu,webcam,viewer_8
2023-06-15 15:03:11,14664.0,0.0,23842,448,siruntu,webcam,viewer_8
2023-06-15 15:03:12,14664.0,0.0,21942,702,siruntu,webcam,viewer_8
2023-06-15 15:03:13,14664.0,0.0,21974,448,siruntu,webcam,viewer_8
2023-06-15 15:03:14,14664.0,0.0,21447,448,siruntu,webcam,viewer_8
2023-06-15 15:03:15,14664.0,0.0,17480,678,siruntu,webcam,viewer_8
2023-06-15 15:03:16,14664.0,0.0,20935,448,siruntu,webcam,viewer_8
2023-06-15 15:03:17,14664.0,0.0,20473,702,siruntu,webcam,viewer_8
2023-06-15 15:03:18,29328.0,0.0,22953,506,siruntu,webcam,viewer_8
2023-06-15 15:03:19,14664.0,0.0,23157,536,siruntu,webcam,viewer_8
2023-06-15 15:03:20,14664.0,0.0,21147,590,siruntu,webcam,viewer_8
2023-06-15 15:03:21,14664.0,0.0,21189,560,siruntu,webcam,viewer_8
2023-06-15 15:03:22,14664.0,0.0,21429,536,siruntu,webcam,viewer_8
2023-06-15 15:03:23,14664.0,0.0,21022,702,siruntu,webcam,viewer_8
2023-06-15 15:03:24,14664.0,0.0,20728,560,siruntu,webcam,viewer_8
2023-06-15 15:03:25,14664.0,0.0,20518,590,siruntu,webcam,viewer_8
2023-06-15 15:03:26,14664.0,0.0,21259,448,siruntu,webcam,viewer_8
2023-06-15 15:03:27,14664.0,0.0,22537,448,siruntu,webcam,viewer_8
2023-06-15 15:03:28,14664.0,0.0,19852,678,siruntu,webcam,viewer_8
2023-06-15 15:03:29,14664.0,0.0,23023,560,siruntu,webcam,viewer_8
2023-06-15 15:03:30,14664.0,0.0,16888,448,siruntu,webcam,viewer_8
2023-06-15 15:03:31,14664.0,0.0,25419,734,siruntu,webcam,viewer_8
2023-06-15 15:03:32,14664.0,0.0,22279,448,siruntu,webcam,viewer_8
2023-06-15 15:03:33,14664.0,0.0,22452,790,siruntu,webcam,viewer_8
2023-06-15 15:03:34,14664.0,0.0,21035,448,siruntu,webcam,viewer_8
2023-06-15 15:03:35,14664.0,0.0,19111,560,siruntu,webcam,viewer_8
2023-06-15 15:03:36,14664.0,0.0,20491,734,siruntu,webcam,viewer_8
2023-06-15 15:03:37,14664.0,0.0,26162,536,siruntu,webcam,viewer_8
2023-06-15 15:03:38,14664.0,0.0,21316,590,siruntu,webcam,viewer_8
2023-06-15 15:03:39,14664.0,0.0,21260,448,siruntu,webcam,viewer_8
2023-06-15 15:03:40,14664.0,0.0,20689,448,siruntu,webcam,viewer_8
2023-06-15 15:03:41,14664.0,0.0,21066,702,siruntu,webcam,viewer_8
2023-06-15 15:03:42,14664.0,0.0,21156,648,siruntu,webcam,viewer_8
2023-06-15 15:03:43,14664.0,0.0,21301,448,siruntu,webcam,viewer_8
2023-06-15 15:03:44,29328.0,0.0,20536,632,siruntu,webcam,viewer_8
2023-06-15 15:03:45,14664.0,0.0,22013,560,siruntu,webcam,viewer_8
2023-06-15 15:03:46,14664.0,0.0,20943,790,siruntu,webcam,viewer_8
2023-06-15 15:03:47,14664.0,0.0,19694,448,siruntu,webcam,viewer_8
2023-06-15 15:03:48,14664.0,0.0,21936,448,siruntu,webcam,viewer_8
2023-06-15 15:03:49,14664.0,0.0,20425,678,siruntu,webcam,viewer_8
2023-06-15 15:03:50,14664.0,0.0,19467,560,siruntu,webcam,viewer_8
2023-06-15 15:03:51,32460.0,0.0,22933,807,siruntu,webcam,viewer_8
2023-06-15 15:03:52,32460.0,0.0,22253,777,siruntu,webcam,viewer_8
2023-06-15 15:03:53,32460.0,0.0,21931,753,siruntu,webcam,viewer_8
2023-06-15 15:03:54,14664.0,0.0,19126,590,siruntu,webcam,viewer_8
2023-06-15 15:03:55,14664.0,0.0,17964,688,siruntu,webcam,viewer_8
2023-06-15 15:03:56,14664.0,0.0,29004,448,siruntu,webcam,viewer_8
2023-06-15 15:03:57,14664.0,0.0,21041,478,siruntu,webcam,viewer_8
2023-06-15 15:03:58,14664.0,0.0,23325,560,siruntu,webcam,viewer_8
2023-06-15 15:03:59,14664.0,0.0,21372,590,siruntu,webcam,viewer_8
2023-06-15 15:04:00,14664.0,0.0,19848,560,siruntu,webcam,viewer_8
2023-06-15 15:04:01,14664.0,0.0,20774,536,siruntu,webcam,viewer_8
2023-06-15 15:04:02,14664.0,0.0,22014,702,siruntu,webcam,viewer_8
2023-06-15 15:04:03,14664.0,0.0,20384,448,siruntu,webcam,viewer_8
2023-06-15 15:04:04,14664.0,0.0,19854,536,siruntu,webcam,viewer_8
2023-06-15 15:04:05,14664.0,0.0,21850,702,siruntu,webcam,viewer_8
2023-06-15 15:04:06,14664.0,0.0,22315,448,siruntu,webcam,viewer_8
2023-06-15 15:04:07,14664.0,0.0,20788,790,siruntu,webcam,viewer_8
2023-06-15 15:04:08,14664.0,0.0,21590,448,siruntu,webcam,viewer_8
2023-06-15 15:04:09,14664.0,0.0,20348,448,siruntu,webcam,viewer_8
2023-06-15 15:04:10,29328.0,0.0,21952,744,siruntu,webcam,viewer_8
2023-06-15 15:04:11,14664.0,0.0,20632,536,siruntu,webcam,viewer_8
2023-06-15 15:04:12,14664.0,0.0,20844,702,siruntu,webcam,viewer_8
2023-06-15 15:04:13,14664.0,0.0,21587,448,siruntu,webcam,viewer_8
2023-06-15 15:04:15,14664.0,0.0,17381,536,siruntu,webcam,viewer_8
2023-06-15 15:04:16,14664.0,0.0,21430,590,siruntu,webcam,viewer_8
2023-06-15 15:04:17,14664.0,0.0,25252,688,siruntu,webcam,viewer_8
2023-06-15 15:04:18,14664.0,0.0,20560,448,siruntu,webcam,viewer_8
2023-06-15 15:04:19,14664.0,0.0,20688,590,siruntu,webcam,viewer_8
2023-06-15 15:04:20,14664.0,0.0,20618,560,siruntu,webcam,viewer_8
2023-06-15 15:04:21,14664.0,0.0,21810,790,siruntu,webcam,viewer_8
2023-06-15 15:04:22,14664.0,0.0,19917,448,siruntu,webcam,viewer_8
2023-06-15 15:04:23,14664.0,0.0,22882,560,siruntu,webcam,viewer_8
2023-06-15 15:04:24,14664.0,0.0,21842,678,siruntu,webcam,viewer_8
2023-06-15 15:04:25,14664.0,0.0,20359,448,siruntu,webcam,viewer_8
2023-06-15 15:04:26,14664.0,0.0,21117,590,siruntu,webcam,viewer_8
2023-06-15 15:04:27,14664.0,0.0,20943,648,siruntu,webcam,viewer_8
2023-06-15 15:04:28,14664.0,0.0,22064,448,siruntu,webcam,viewer_8
2023-06-15 15:04:29,14664.0,0.0,17270,590,siruntu,webcam,viewer_8
2023-06-15 15:04:30,14664.0,0.0,22070,448,siruntu,webcam,viewer_8
2023-06-15 15:04:31,14664.0,0.0,21828,536,siruntu,webcam,viewer_8
2023-06-15 15:04:32,14664.0,0.0,20814,606,siruntu,webcam,viewer_8
2023-06-15 15:04:33,14664.0,0.0,22647,560,siruntu,webcam,viewer_8
2023-06-15 15:04:34,14664.0,0.0,21909,718,siruntu,webcam,viewer_8
2023-06-15 15:04:35,14664.0,0.0,27126,720,siruntu,webcam,viewer_8
2023-06-15 15:04:36,14664.0,0.0,21178,448,siruntu,webcam,viewer_8
2023-06-15 15:04:37,29328.0,0.0,21020,632,siruntu,webcam,viewer_8
2023-06-15 15:04:38,14664.0,0.0,24191,648,siruntu,webcam,viewer_8
2023-06-15 15:04:39,14664.0,0.0,19359,590,siruntu,webcam,viewer_8
2023-06-15 15:04:40,14664.0,0.0,19447,448,siruntu,webcam,viewer_8
2023-06-15 15:04:41,14664.0,0.0,26426,560,siruntu,webcam,viewer_8
2023-06-15 15:04:42,14664.0,0.0,20287,590,siruntu,webcam,viewer_8
2023-06-15 15:04:43,14664.0,0.0,20236,536,siruntu,webcam,viewer_8
2023-06-15 15:04:44,14664.0,0.0,23100,448,siruntu,webcam,viewer_8
2023-06-15 15:04:45,14664.0,0.0,19078,590,siruntu,webcam,viewer_8
2023-06-15 15:04:46,14664.0,0.0,25194,352,siruntu,webcam,viewer_8
2023-06-15 15:04:47,14664.0,0.0,21889,702,siruntu,webcam,viewer_8
2023-06-15 15:04:48,14664.0,0.0,18474,560,siruntu,webcam,viewer_8
2023-06-15 15:04:49,14664.0,0.0,22883,536,siruntu,webcam,viewer_8
2023-06-15 15:04:50,14664.0,0.0,18543,590,siruntu,webcam,viewer_8
2023-06-15 15:04:51,14664.0,0.0,19751,448,siruntu,webcam,viewer_8
2023-06-15 15:04:52,14664.0,0.0,21528,448,siruntu,webcam,viewer_8
2023-06-15 15:04:53,14664.0,0.0,19499,478,siruntu,webcam,viewer_8
2023-06-15 15:04:54,14664.0,0.0,22417,702,siruntu,webcam,viewer_8
2023-06-15 15:04:55,14664.0,0.0,23472,536,siruntu,webcam,viewer_8
2023-06-15 15:04:56,14664.0,0.0,20147,702,siruntu,webcam,viewer_8
2023-06-15 15:04:57,14664.0,0.0,22876,448,siruntu,webcam,viewer_8
2023-06-15 15:04:58,14664.0,0.0,18947,336,siruntu,webcam,viewer_8
2023-06-15 15:04:59,14664.0,0.0,22591,702,siruntu,webcam,viewer_8
2023-06-15 15:05:00,14664.0,0.0,21495,448,siruntu,webcam,viewer_8
2023-06-15 15:05:01,14664.0,0.0,19307,678,siruntu,webcam,viewer_8
2023-06-15 15:05:02,14664.0,0.0,23023,448,siruntu,webcam,viewer_8
2023-06-15 15:05:03,29328.0,0.0,20805,602,siruntu,webcam,viewer_8
2023-06-15 15:05:05,14664.0,0.0,21370,590,siruntu,webcam,viewer_8
2023-06-15 15:05:06,14664.0,0.0,19568,536,siruntu,webcam,viewer_8
2023-06-15 15:05:07,14664.0,0.0,21118,448,siruntu,webcam,viewer_8
2023-06-15 15:05:08,14664.0,0.0,22129,702,siruntu,webcam,viewer_8
2023-06-15 15:05:09,14664.0,0.0,19846,336,siruntu,webcam,viewer_8
2023-06-15 15:05:10,14664.0,0.0,21987,702,siruntu,webcam,viewer_8
2023-06-15 15:05:11,14664.0,0.0,21205,448,siruntu,webcam,viewer_8
2023-06-15 15:05:12,14664.0,0.0,16675,536,siruntu,webcam,viewer_8
2023-06-15 15:05:13,14664.0,0.0,27133,702,siruntu,webcam,viewer_8
2023-06-15 15:05:14,14664.0,0.0,18837,448,siruntu,webcam,viewer_8
2023-06-15 15:05:15,14664.0,0.0,24644,790,siruntu,webcam,viewer_8
2023-06-15 15:05:16,14664.0,0.0,20813,448,siruntu,webcam,viewer_8
2023-06-15 15:05:17,14664.0,0.0,16454,448,siruntu,webcam,viewer_8
2023-06-15 15:05:18,14664.0,0.0,26230,702,siruntu,webcam,viewer_8
2023-06-15 15:05:19,14664.0,0.0,19395,336,siruntu,webcam,viewer_8
2023-06-15 15:05:20,14664.0,0.0,19658,552,siruntu,webcam,viewer_8
2023-06-15 15:05:21,14664.0,0.0,24909,590,siruntu,webcam,viewer_8
2023-06-15 15:05:22,14664.0,0.0,19223,560,siruntu,webcam,viewer_8
2023-06-15 15:05:23,14664.0,0.0,23999,590,siruntu,webcam,viewer_8
2023-06-15 15:05:24,14664.0,0.0,20165,448,siruntu,webcam,viewer_8
2023-06-15 15:05:25,14664.0,0.0,21624,448,siruntu,webcam,viewer_8
2023-06-15 15:05:26,14664.0,0.0,20871,566,siruntu,webcam,viewer_8
2023-06-15 15:05:27,14664.0,0.0,19227,560,siruntu,webcam,viewer_8
2023-06-15 15:05:28,14664.0,0.0,23428,590,siruntu,webcam,viewer_8
2023-06-15 15:05:29,14664.0,0.0,21865,560,siruntu,webcam,viewer_8
2023-06-15 15:05:30,14664.0,0.0,19981,336,siruntu,webcam,viewer_8
2023-06-15 15:05:31,29328.0,0.0,20748,832,siruntu,webcam,viewer_8
2023-06-15 15:05:32,14664.0,0.0,18840,448,siruntu,webcam,viewer_8
2023-06-15 15:05:33,14664.0,0.0,23182,448,siruntu,webcam,viewer_8
2023-06-15 15:05:34,14664.0,0.0,22554,590,siruntu,webcam,viewer_8
2023-06-15 15:05:35,14664.0,0.0,18628,448,siruntu,webcam,viewer_8
2023-06-15 15:05:36,14664.0,0.0,20489,590,siruntu,webcam,viewer_8
2023-06-15 15:05:37,14664.0,0.0,10508,312,siruntu,webcam,viewer_8
2023-06-15 15:05:38,14664.0,0.0,30448,336,siruntu,webcam,viewer_8
2023-06-15 15:05:39,14664.0,0.0,25693,478,siruntu,webcam,viewer_8
2023-06-15 15:05:40,14664.0,0.0,15489,424,siruntu,webcam,viewer_8
2023-06-15 15:05:41,14664.0,0.0,25720,560,siruntu,webcam,viewer_8
2023-06-15 15:05:42,14664.0,0.0,20354,478,siruntu,webcam,viewer_8
2023-06-15 15:05:43,14664.0,0.0,22002,560,siruntu,webcam,viewer_8
2023-06-15 15:05:44,14664.0,0.0,21455,478,siruntu,webcam,viewer_8
2023-06-15 15:05:45,14664.0,0.0,20451,448,siruntu,webcam,viewer_8
2023-06-15 15:05:46,14664.0,0.0,22189,648,siruntu,webcam,viewer_8
2023-06-15 15:05:47,14664.0,0.0,20933,590,siruntu,webcam,viewer_8
2023-06-15 15:05:48,14664.0,0.0,19230,448,siruntu,webcam,viewer_8
2023-06-15 15:05:49,14664.0,0.0,22993,590,siruntu,webcam,viewer_8
2023-06-15 15:05:50,14664.0,0.0,20502,688,siruntu,webcam,viewer_8
2023-06-15 15:05:51,32460.0,0.0,23292,665,siruntu,webcam,viewer_8
2023-06-15 15:05:52,32460.0,0.0,21010,919,siruntu,webcam,viewer_8
2023-06-15 15:05:53,32460.0,0.0,21538,641,siruntu,webcam,viewer_8
2023-06-15 15:05:54,14664.0,0.0,19724,448,siruntu,webcam,viewer_8
2023-06-15 15:05:55,14664.0,0.0,17702,590,siruntu,webcam,viewer_8
2023-06-15 15:05:56,14664.0,0.0,22227,560,siruntu,webcam,viewer_8
2023-06-15 15:05:57,29328.0,0.0,23814,720,siruntu,webcam,viewer_8
2023-06-15 15:05:58,14664.0,0.0,20473,336,siruntu,webcam,viewer_8
2023-06-15 15:05:59,14664.0,0.0,22839,560,siruntu,webcam,viewer_8
2023-06-15 15:06:00,14664.0,0.0,17958,678,siruntu,webcam,viewer_8
2023-06-15 15:06:01,14664.0,0.0,20588,848,siruntu,webcam,viewer_8
2023-06-15 15:06:02,14664.0,0.0,33834,590,siruntu,webcam,viewer_8
2023-06-15 15:06:03,14664.0,0.0,19395,448,siruntu,webcam,viewer_8
2023-06-15 15:06:04,14664.0,0.0,23097,448,siruntu,webcam,viewer_8
2023-06-15 15:06:05,14664.0,0.0,21520,790,siruntu,webcam,viewer_8
2023-06-15 15:06:06,14664.0,0.0,21519,448,siruntu,webcam,viewer_8
2023-06-15 15:06:07,14664.0,0.0,21424,560,siruntu,webcam,viewer_8
2023-06-15 15:06:08,14664.0,0.0,21337,590,siruntu,webcam,viewer_8
2023-06-15 15:06:09,14664.0,0.0,22796,536,siruntu,webcam,viewer_8
2023-06-15 15:06:11,14664.0,0.0,17808,590,siruntu,webcam,viewer_8
2023-06-15 15:06:12,14664.0,0.0,28061,560,siruntu,webcam,viewer_8
2023-06-15 15:06:13,14664.0,0.0,18240,448,siruntu,webcam,viewer_8
2023-06-15 15:06:14,14664.0,0.0,19823,590,siruntu,webcam,viewer_8
2023-06-15 15:06:15,14664.0,0.0,19915,536,siruntu,webcam,viewer_8
2023-06-15 15:06:16,14664.0,0.0,18882,590,siruntu,webcam,viewer_8
2023-06-15 15:06:17,14664.0,0.0,23913,560,siruntu,webcam,viewer_8
2023-06-15 15:06:18,14664.0,0.0,22409,448,siruntu,webcam,viewer_8
2023-06-15 15:06:19,14664.0,0.0,24493,590,siruntu,webcam,viewer_8
2023-06-15 15:06:20,14664.0,0.0,21045,448,siruntu,webcam,viewer_8
2023-06-15 15:06:21,14664.0,0.0,17060,448,siruntu,webcam,viewer_8
2023-06-15 15:06:22,14664.0,0.0,21465,790,siruntu,webcam,viewer_8
2023-06-15 15:06:23,14664.0,0.0,21097,448,siruntu,webcam,viewer_8
2023-06-15 15:06:24,29328.0,0.0,21318,760,siruntu,webcam,viewer_8
2023-06-15 15:06:25,14664.0,0.0,19904,448,siruntu,webcam,viewer_8
2023-06-15 15:06:26,14664.0,0.0,22202,536,siruntu,webcam,viewer_8
2023-06-15 15:06:27,14664.0,0.0,22999,590,siruntu,webcam,viewer_8
2023-06-15 15:06:28,14664.0,0.0,20484,448,siruntu,webcam,viewer_8
2023-06-15 15:06:29,14664.0,0.0,19141,702,siruntu,webcam,viewer_8
2023-06-15 15:06:30,14664.0,0.0,23552,424,siruntu,webcam,viewer_8
2023-06-15 15:06:31,14664.0,0.0,21167,448,siruntu,webcam,viewer_8
2023-06-15 15:06:32,14664.0,0.0,20325,590,siruntu,webcam,viewer_8
2023-06-15 15:06:33,14664.0,0.0,21428,448,siruntu,webcam,viewer_8
2023-06-15 15:06:34,14664.0,0.0,20888,448,siruntu,webcam,viewer_8
2023-06-15 15:06:35,14664.0,0.0,24715,590,siruntu,webcam,viewer_8
2023-06-15 15:06:36,14664.0,0.0,17439,448,siruntu,webcam,viewer_8
2023-06-15 15:06:37,14664.0,0.0,23733,790,siruntu,webcam,viewer_8
2023-06-15 15:06:38,14664.0,0.0,21444,448,siruntu,webcam,viewer_8
2023-06-15 15:06:39,14664.0,0.0,20794,560,siruntu,webcam,viewer_8
2023-06-15 15:06:40,14664.0,0.0,23543,702,siruntu,webcam,viewer_8
2023-06-15 15:06:41,14664.0,0.0,19003,448,siruntu,webcam,viewer_8
2023-06-15 15:06:42,14664.0,0.0,18842,590,siruntu,webcam,viewer_8
2023-06-15 15:06:43,14664.0,0.0,32044,952,siruntu,webcam,viewer_8
2023-06-15 15:06:44,14664.0,0.0,20139,448,siruntu,webcam,viewer_8
2023-06-15 15:06:45,14664.0,0.0,23184,590,siruntu,webcam,viewer_8
2023-06-15 15:06:46,14664.0,0.0,19711,448,siruntu,webcam,viewer_8
2023-06-15 15:06:47,14664.0,0.0,21292,560,siruntu,webcam,viewer_8
2023-06-15 15:06:48,14664.0,0.0,21614,702,siruntu,webcam,viewer_8
2023-06-15 15:06:49,14664.0,0.0,20265,536,siruntu,webcam,viewer_8
2023-06-15 15:06:50,29328.0,0.0,24024,632,siruntu,webcam,viewer_8
2023-06-15 15:06:51,14664.0,0.0,21112,448,siruntu,webcam,viewer_8
2023-06-15 15:06:52,14664.0,0.0,19518,448,siruntu,webcam,viewer_8
2023-06-15 15:06:53,14664.0,0.0,23336,702,siruntu,webcam,viewer_8
2023-06-15 15:06:54,14664.0,0.0,16683,536,siruntu,webcam,viewer_8
2023-06-15 15:06:55,14664.0,0.0,24687,448,siruntu,webcam,viewer_8
2023-06-15 15:06:56,14664.0,0.0,20019,590,siruntu,webcam,viewer_8
2023-06-15 15:06:57,14664.0,0.0,22231,448,siruntu,webcam,viewer_8
2023-06-15 15:06:58,14664.0,0.0,21897,590,siruntu,webcam,viewer_8
2023-06-15 15:06:59,14664.0,0.0,22099,664,siruntu,webcam,viewer_8
2023-06-15 15:07:01,14664.0,0.0,21059,448,siruntu,webcam,viewer_8
2023-06-15 15:07:02,14664.0,0.0,19423,702,siruntu,webcam,viewer_8
2023-06-15 15:07:03,14664.0,0.0,20693,448,siruntu,webcam,viewer_8
2023-06-15 15:07:04,14664.0,0.0,22038,790,siruntu,webcam,viewer_8
2023-06-15 15:07:05,14664.0,0.0,18322,448,siruntu,webcam,viewer_8
2023-06-15 15:07:06,14664.0,0.0,23175,560,siruntu,webcam,viewer_8
2023-06-15 15:07:07,14664.0,0.0,21763,702,siruntu,webcam,viewer_8
2023-06-15 15:07:08,14664.0,0.0,21183,448,siruntu,webcam,viewer_8
2023-06-15 15:07:09,14664.0,0.0,19894,536,siruntu,webcam,viewer_8
2023-06-15 15:07:10,14664.0,0.0,17782,846,siruntu,webcam,viewer_8
2023-06-15 15:07:11,14664.0,0.0,19410,336,siruntu,webcam,viewer_8
2023-06-15 15:07:12,14664.0,0.0,27596,590,siruntu,webcam,viewer_8
2023-06-15 15:07:13,14664.0,0.0,9752,424,siruntu,webcam,viewer_8
2023-06-15 15:07:14,14664.0,0.0,9434,448,siruntu,webcam,viewer_8
2023-06-15 15:07:15,14664.0,0.0,3850,478,siruntu,webcam,viewer_8
2023-06-15 15:07:16,14664.0,0.0,3476,454,siruntu,webcam,viewer_8
2023-06-15 15:07:17,14664.0,0.0,0,254,siruntu,webcam,viewer_8
2023-06-15 15:07:18,29328.0,0.0,29251,674,siruntu,webcam,viewer_8
2023-06-15 15:07:19,14664.0,0.0,157833,1808,siruntu,webcam,viewer_8
2023-06-15 15:07:20,14664.0,0.0,168028,342,siruntu,webcam,viewer_8
2023-06-15 15:07:21,14664.0,0.0,94525,224,siruntu,webcam,viewer_8
2023-06-15 15:07:22,14664.0,0.0,21841,336,siruntu,webcam,viewer_8
2023-06-15 15:07:23,14664.0,0.0,20204,254,siruntu,webcam,viewer_8
2023-06-15 15:07:24,14664.0,0.0,22112,312,siruntu,webcam,viewer_8
2023-06-15 15:07:25,14664.0,0.0,20002,254,siruntu,webcam,viewer_8
2023-06-15 15:07:26,14664.0,0.0,21195,224,siruntu,webcam,viewer_8
2023-06-15 15:07:27,14664.0,0.0,21196,112,siruntu,webcam,viewer_8
2023-06-15 15:07:29,14664.0,0.0,17193,454,siruntu,webcam,viewer_8
2023-06-15 15:07:30,14664.0,0.0,23934,352,siruntu,webcam,viewer_8
2023-06-15 15:07:31,14664.0,0.0,22193,254,siruntu,webcam,viewer_8
2023-06-15 15:07:32,14664.0,0.0,25091,336,siruntu,webcam,viewer_8
2023-06-15 15:07:33,14664.0,0.0,21632,312,siruntu,webcam,viewer_8
2023-06-15 15:07:34,14664.0,0.0,19214,254,siruntu,webcam,viewer_8
2023-06-15 15:07:35,14664.0,0.0,20453,224,siruntu,webcam,viewer_8
2023-06-15 15:07:36,14664.0,0.0,19772,224,siruntu,webcam,viewer_8
2023-06-15 15:07:37,14664.0,0.0,20495,254,siruntu,webcam,viewer_8
2023-06-15 15:07:38,14664.0,0.0,18765,112,siruntu,webcam,viewer_8
2023-06-15 15:07:39,14664.0,0.0,20278,254,siruntu,webcam,viewer_8
2023-06-15 15:07:40,14664.0,0.0,22655,424,siruntu,webcam,viewer_8
2023-06-15 15:07:41,14664.0,0.0,21407,224,siruntu,webcam,viewer_8
2023-06-15 15:07:42,14664.0,0.0,21280,254,siruntu,webcam,viewer_8
2023-06-15 15:07:43,14664.0,0.0,22416,112,siruntu,webcam,viewer_8
2023-06-15 15:07:44,29328.0,0.0,20148,384,siruntu,webcam,viewer_8
2023-06-15 15:07:45,14664.0,0.0,22146,336,siruntu,webcam,viewer_8
2023-06-15 15:07:46,14664.0,0.0,22518,112,siruntu,webcam,viewer_8
2023-06-15 15:07:47,14664.0,0.0,20399,254,siruntu,webcam,viewer_8
2023-06-15 15:07:48,14664.0,0.0,22653,112,siruntu,webcam,viewer_8
2023-06-15 15:07:49,14664.0,0.0,21194,448,siruntu,webcam,viewer_8
2023-06-15 15:07:50,14664.0,0.0,19960,342,siruntu,webcam,viewer_8
2023-06-15 15:07:51,32460.0,0.0,22114,329,siruntu,webcam,viewer_8
2023-06-15 15:07:52,32460.0,0.0,21646,583,siruntu,webcam,viewer_8
2023-06-15 15:07:53,32460.0,0.0,21424,665,siruntu,webcam,viewer_8
2023-06-15 15:07:54,14664.0,0.0,19281,200,siruntu,webcam,viewer_8
2023-06-15 15:07:55,14664.0,0.0,21287,254,siruntu,webcam,viewer_8
2023-06-15 15:07:56,14664.0,0.0,21320,224,siruntu,webcam,viewer_8
2023-06-15 15:07:57,14664.0,0.0,21972,366,siruntu,webcam,viewer_8
2023-06-15 15:07:58,14664.0,0.0,21444,112,siruntu,webcam,viewer_8
2023-06-15 15:07:59,14664.0,0.0,21905,200,siruntu,webcam,viewer_8
2023-06-15 15:08:00,14664.0,0.0,20753,254,siruntu,webcam,viewer_8
2023-06-15 15:08:01,14664.0,0.0,21684,336,siruntu,webcam,viewer_8
2023-06-15 15:08:02,14664.0,0.0,21255,112,siruntu,webcam,viewer_8
2023-06-15 15:08:03,14664.0,0.0,20488,254,siruntu,webcam,viewer_8
2023-06-15 15:08:04,14664.0,0.0,19967,336,siruntu,webcam,viewer_8
2023-06-15 15:08:05,14664.0,0.0,22858,254,siruntu,webcam,viewer_8
2023-06-15 15:08:06,14664.0,0.0,20831,312,siruntu,webcam,viewer_8
2023-06-15 15:08:07,14664.0,0.0,23304,224,siruntu,webcam,viewer_8
2023-06-15 15:08:08,14664.0,0.0,20474,254,siruntu,webcam,viewer_8
2023-06-15 15:08:09,14664.0,0.0,20073,224,siruntu,webcam,viewer_8
2023-06-15 15:08:10,29328.0,0.0,21071,296,siruntu,webcam,viewer_8
2023-06-15 15:08:11,14664.0,0.0,21716,336,siruntu,webcam,viewer_8
2023-06-15 15:08:12,14664.0,0.0,22609,536,siruntu,webcam,viewer_8
2023-06-15 15:08:13,14664.0,0.0,20754,254,siruntu,webcam,viewer_8
2023-06-15 15:08:14,14664.0,0.0,20535,336,siruntu,webcam,viewer_8
2023-06-15 15:08:16,14664.0,0.0,20173,112,siruntu,webcam,viewer_8
2023-06-15 15:08:17,14664.0,0.0,22299,366,siruntu,webcam,viewer_8
2023-06-15 15:08:18,14664.0,0.0,23569,424,siruntu,webcam,viewer_8
2023-06-15 15:08:19,14664.0,0.0,23126,366,siruntu,webcam,viewer_8
2023-06-15 15:08:20,14664.0,0.0,20253,224,siruntu,webcam,viewer_8
2023-06-15 15:08:21,14664.0,0.0,25484,424,siruntu,webcam,viewer_8
2023-06-15 15:08:22,14664.0,0.0,22382,366,siruntu,webcam,viewer_8
2023-06-15 15:08:23,14664.0,0.0,21011,336,siruntu,webcam,viewer_8
2023-06-15 15:08:24,14664.0,0.0,21338,478,siruntu,webcam,viewer_8
2023-06-15 15:08:25,14664.0,0.0,21641,448,siruntu,webcam,viewer_8
2023-06-15 15:08:26,29328.0,0.0,20044,466,siruntu,webcam,viewer_8
2023-06-15 15:08:27,14664.0,0.0,22466,702,siruntu,webcam,viewer_8
2023-06-15 15:08:28,14664.0,0.0,21244,448,siruntu,webcam,viewer_8
2023-06-15 15:08:29,14664.0,0.0,20910,702,siruntu,webcam,viewer_8
2023-06-15 15:08:30,14664.0,0.0,16750,536,siruntu,webcam,viewer_8
2023-06-15 15:08:31,14664.0,0.0,24665,448,siruntu,webcam,viewer_8
2023-06-15 15:08:32,14664.0,0.0,24076,590,siruntu,webcam,viewer_8
2023-06-15 15:08:33,14664.0,0.0,19455,448,siruntu,webcam,viewer_8
2023-06-15 15:08:34,14664.0,0.0,19616,560,siruntu,webcam,viewer_8
2023-06-15 15:08:35,14664.0,0.0,20894,678,siruntu,webcam,viewer_8
2023-06-15 15:08:36,14664.0,0.0,16669,448,siruntu,webcam,viewer_8
2023-06-15 15:08:37,14664.0,0.0,24061,606,siruntu,webcam,viewer_8
2023-06-15 15:08:38,14664.0,0.0,18628,448,siruntu,webcam,viewer_8
2023-06-15 15:08:39,14664.0,0.0,17211,448,siruntu,webcam,viewer_8
2023-06-15 15:08:40,14664.0,0.0,23135,590,siruntu,webcam,viewer_8
2023-06-15 15:08:41,14664.0,0.0,21550,536,siruntu,webcam,viewer_8
2023-06-15 15:08:42,29328.0,0.0,20477,632,siruntu,webcam,viewer_8
2023-06-15 15:08:43,14664.0,0.0,24101,448,siruntu,webcam,viewer_8
2023-06-15 15:08:44,14664.0,0.0,20946,448,siruntu,webcam,viewer_8
2023-06-15 15:08:45,14664.0,0.0,19398,702,siruntu,webcam,viewer_8
2023-06-15 15:08:46,14664.0,0.0,22969,560,siruntu,webcam,viewer_8
2023-06-15 15:08:47,14664.0,0.0,21496,536,siruntu,webcam,viewer_8
2023-06-15 15:08:48,14664.0,0.0,20702,590,siruntu,webcam,viewer_8
2023-06-15 15:08:49,14664.0,0.0,22115,448,siruntu,webcam,viewer_8
2023-06-15 15:08:50,14664.0,0.0,17002,590,siruntu,webcam,viewer_8
2023-06-15 15:08:51,14664.0,0.0,18369,448,siruntu,webcam,viewer_8
2023-06-15 15:08:53,14664.0,0.0,24848,560,siruntu,webcam,viewer_8
2023-06-15 15:08:54,14664.0,0.0,23590,702,siruntu,webcam,viewer_8
2023-06-15 15:08:55,14664.0,0.0,22138,424,siruntu,webcam,viewer_8
2023-06-15 15:08:56,14664.0,0.0,18086,590,siruntu,webcam,viewer_8
2023-06-15 15:08:57,14664.0,0.0,21145,448,siruntu,webcam,viewer_8
2023-06-15 15:08:58,14664.0,0.0,23358,448,siruntu,webcam,viewer_8
2023-06-15 15:08:59,29328.0,0.0,17033,520,siruntu,webcam,viewer_8
2023-06-15 15:09:00,14664.0,0.0,23089,448,siruntu,webcam,viewer_8
2023-06-15 15:09:01,14664.0,0.0,21352,336,siruntu,webcam,viewer_8
2023-06-15 15:09:02,14664.0,0.0,19776,566,siruntu,webcam,viewer_8
2023-06-15 15:09:03,14664.0,0.0,26905,560,siruntu,webcam,viewer_8
2023-06-15 15:09:04,14664.0,0.0,19827,590,siruntu,webcam,viewer_8
2023-06-15 15:09:05,14664.0,0.0,21842,448,siruntu,webcam,viewer_8
2023-06-15 15:09:06,14664.0,0.0,19597,448,siruntu,webcam,viewer_8
2023-06-15 15:09:07,14664.0,0.0,21241,702,siruntu,webcam,viewer_8
2023-06-15 15:09:08,14664.0,0.0,22252,536,siruntu,webcam,viewer_8
2023-06-15 15:09:09,14664.0,0.0,22346,448,siruntu,webcam,viewer_8
2023-06-15 15:09:10,14664.0,0.0,15817,478,siruntu,webcam,viewer_8
2023-06-15 15:09:11,14664.0,0.0,26128,448,siruntu,webcam,viewer_8
2023-06-15 15:09:12,14664.0,0.0,21782,590,siruntu,webcam,viewer_8
2023-06-15 15:09:13,14664.0,0.0,21364,560,siruntu,webcam,viewer_8
2023-06-15 15:09:14,14664.0,0.0,20493,448,siruntu,webcam,viewer_8
2023-06-15 15:09:15,29328.0,0.0,21548,720,siruntu,webcam,viewer_8
2023-06-15 15:09:16,14664.0,0.0,21377,560,siruntu,webcam,viewer_8
2023-06-15 15:09:17,14664.0,0.0,21201,590,siruntu,webcam,viewer_8
2023-06-15 15:09:18,14664.0,0.0,20073,448,siruntu,webcam,viewer_8
2023-06-15 15:09:19,14664.0,0.0,21922,336,siruntu,webcam,viewer_8
2023-06-15 15:09:20,14664.0,0.0,22258,830,siruntu,webcam,viewer_8
2023-06-15 15:09:21,14664.0,0.0,21419,536,siruntu,webcam,viewer_8
2023-06-15 15:09:22,14664.0,0.0,21207,560,siruntu,webcam,viewer_8
2023-06-15 15:09:23,14664.0,0.0,20730,678,siruntu,webcam,viewer_8
2023-06-15 15:09:24,14664.0,0.0,21778,448,siruntu,webcam,viewer_8
2023-06-15 15:09:25,14664.0,0.0,20189,590,siruntu,webcam,viewer_8
2023-06-15 15:09:26,14664.0,0.0,18303,448,siruntu,webcam,viewer_8
2023-06-15 15:09:27,14664.0,0.0,22875,648,siruntu,webcam,viewer_8
2023-06-15 15:09:28,14664.0,0.0,22650,590,siruntu,webcam,viewer_8
2023-06-15 15:09:29,14664.0,0.0,22641,560,siruntu,webcam,viewer_8
2023-06-15 15:09:30,14664.0,0.0,19909,590,siruntu,webcam,viewer_8
2023-06-15 15:09:31,29328.0,0.0,21929,490,siruntu,webcam,viewer_8
2023-06-15 15:09:32,14664.0,0.0,21911,648,siruntu,webcam,viewer_8
2023-06-15 15:09:33,14664.0,0.0,20872,590,siruntu,webcam,viewer_8
2023-06-15 15:09:34,14664.0,0.0,20706,448,siruntu,webcam,viewer_8
2023-06-15 15:09:35,14664.0,0.0,21604,560,siruntu,webcam,viewer_8
2023-06-15 15:09:36,14664.0,0.0,21526,702,siruntu,webcam,viewer_8
2023-06-15 15:09:37,14664.0,0.0,20904,536,siruntu,webcam,viewer_8
2023-06-15 15:09:38,14664.0,0.0,20156,590,siruntu,webcam,viewer_8
2023-06-15 15:09:39,14664.0,0.0,22689,560,siruntu,webcam,viewer_8
2023-06-15 15:09:40,14664.0,0.0,21351,448,siruntu,webcam,viewer_8
2023-06-15 15:09:41,64920.0,0.0,15709,1388,siruntu,webcam,viewer_8
2023-06-15 15:09:42,14664.0,0.0,23150,448,siruntu,webcam,viewer_8
2023-06-15 15:09:43,14664.0,0.0,25217,464,siruntu,webcam,viewer_8
2023-06-15 15:09:44,14664.0,0.0,24188,862,siruntu,webcam,viewer_8
2023-06-15 15:09:45,14664.0,0.0,21001,336,siruntu,webcam,viewer_8
2023-06-15 15:09:46,29328.0,0.0,24062,632,siruntu,webcam,viewer_8
2023-06-15 15:09:47,14664.0,0.0,20083,336,siruntu,webcam,viewer_8
2023-06-15 15:09:49,14664.0,0.0,23671,536,siruntu,webcam,viewer_8
2023-06-15 15:09:50,14664.0,0.0,19614,702,siruntu,webcam,viewer_8
2023-06-15 15:09:51,32460.0,0.0,17695,665,siruntu,webcam,viewer_8
2023-06-15 15:09:52,32460.0,0.0,27231,1079,siruntu,webcam,viewer_8
2023-06-15 15:09:53,32460.0,0.0,26104,1161,siruntu,webcam,viewer_8
2023-06-15 15:09:54,14664.0,0.0,12385,336,siruntu,webcam,viewer_8
2023-06-15 15:09:55,14664.0,0.0,0,254,siruntu,webcam,viewer_8
2023-06-15 15:09:56,14664.0,0.0,0,342,siruntu,webcam,viewer_8
2023-06-15 15:09:57,14664.0,0.0,0,2650,siruntu,webcam,viewer_8
2023-06-15 15:09:58,14664.0,0.0,0,2384,siruntu,webcam,viewer_8
2023-06-15 15:09:59,14664.0,0.0,0,2526,siruntu,webcam,viewer_8
2023-06-15 15:10:00,14664.0,0.0,0,2414,siruntu,webcam,viewer_8
2023-06-15 15:10:01,14664.0,0.0,116,2414,siruntu,webcam,viewer_8
2023-06-15 15:10:02,14664.0,0.0,116,2272,siruntu,webcam,viewer_8
2023-06-15 15:10:03,14664.0,0.0,493,2414,siruntu,webcam,viewer_8
2023-06-15 15:10:04,14664.0,0.0,522,2414,siruntu,webcam,viewer_8
2023-06-15 15:10:06,14664.0,0.0,116,2414,siruntu,webcam,viewer_8
2023-06-15 15:10:07,29328.0,0.0,11885,1888,siruntu,webcam,viewer_8
2023-06-15 15:10:08,14664.0,0.0,27236,400,siruntu,webcam,viewer_8
2023-06-15 15:10:09,14664.0,0.0,17123,448,siruntu,webcam,viewer_8
2023-06-15 15:10:10,14664.0,0.0,17729,702,siruntu,webcam,viewer_8
2023-06-15 15:10:11,14664.0,0.0,15868,536,siruntu,webcam,viewer_8
2023-06-15 15:10:12,14664.0,0.0,18589,590,siruntu,webcam,viewer_8
2023-06-15 15:10:13,14664.0,0.0,23695,448,siruntu,webcam,viewer_8
2023-06-15 15:10:14,14664.0,0.0,20940,560,siruntu,webcam,viewer_8
2023-06-15 15:10:15,14664.0,0.0,21180,678,siruntu,webcam,viewer_8
2023-06-15 15:10:16,14664.0,0.0,19813,448,siruntu,webcam,viewer_8
2023-06-15 15:10:17,14664.0,0.0,16480,464,siruntu,webcam,viewer_8
2023-06-15 15:10:18,14664.0,0.0,26795,606,siruntu,webcam,viewer_8
2023-06-15 15:10:19,14664.0,0.0,18278,560,siruntu,webcam,viewer_8
2023-06-15 15:10:20,14664.0,0.0,22356,590,siruntu,webcam,viewer_8
2023-06-15 15:10:21,14664.0,0.0,20780,448,siruntu,webcam,viewer_8
2023-06-15 15:10:22,14664.0,0.0,20699,536,siruntu,webcam,viewer_8
2023-06-15 15:10:23,29328.0,0.0,21416,632,siruntu,webcam,viewer_8
2023-06-15 15:10:24,14664.0,0.0,20497,560,siruntu,webcam,viewer_8
2023-06-15 15:10:25,14664.0,0.0,20543,448,siruntu,webcam,viewer_8
2023-06-15 15:10:26,14664.0,0.0,21366,790,siruntu,webcam,viewer_8
2023-06-15 15:10:27,14664.0,0.0,19762,448,siruntu,webcam,viewer_8
2023-06-15 15:10:28,14664.0,0.0,20246,590,siruntu,webcam,viewer_8
2023-06-15 15:10:29,14664.0,0.0,22389,816,siruntu,webcam,viewer_8
2023-06-15 15:10:30,14664.0,0.0,19257,448,siruntu,webcam,viewer_8
2023-06-15 15:10:31,14664.0,0.0,19699,790,siruntu,webcam,viewer_8
2023-06-15 15:10:32,14664.0,0.0,22388,448,siruntu,webcam,viewer_8
2023-06-15 15:10:33,14664.0,0.0,24133,702,siruntu,webcam,viewer_8
2023-06-15 15:10:34,14664.0,0.0,19898,448,siruntu,webcam,viewer_8
2023-06-15 15:10:35,14664.0,0.0,16873,536,siruntu,webcam,viewer_8
2023-06-15 15:10:36,14664.0,0.0,18035,590,siruntu,webcam,viewer_8
2023-06-15 15:10:37,14664.0,0.0,23906,560,siruntu,webcam,viewer_8
2023-06-15 15:10:38,14664.0,0.0,23633,536,siruntu,webcam,viewer_8
2023-06-15 15:10:39,14664.0,0.0,20123,478,siruntu,webcam,viewer_8
2023-06-15 15:10:40,14664.0,0.0,20831,448,siruntu,webcam,viewer_8
2023-06-15 15:10:41,14664.0,0.0,21994,702,siruntu,webcam,viewer_8
2023-06-15 15:10:42,14664.0,0.0,22908,832,siruntu,webcam,viewer_8
2023-06-15 15:10:43,14664.0,0.0,26399,648,siruntu,webcam,viewer_8
2023-06-15 15:10:44,14664.0,0.0,23676,702,siruntu,webcam,viewer_8
2023-06-15 15:10:46,14664.0,0.0,20239,448,siruntu,webcam,viewer_8
2023-06-15 15:10:47,14664.0,0.0,23508,590,siruntu,webcam,viewer_8
2023-06-15 15:10:48,14664.0,0.0,20872,448,siruntu,webcam,viewer_8
2023-06-15 15:10:49,14664.0,0.0,21741,448,siruntu,webcam,viewer_8
2023-06-15 15:10:50,14664.0,0.0,20278,790,siruntu,webcam,viewer_8
2023-06-15 15:10:51,14664.0,0.0,21050,448,siruntu,webcam,viewer_8
2023-06-15 15:10:52,14664.0,0.0,19385,478,siruntu,webcam,viewer_8
2023-06-15 15:10:53,14664.0,0.0,21529,336,siruntu,webcam,viewer_8
2023-06-15 15:10:54,14664.0,0.0,22054,448,siruntu,webcam,viewer_8
2023-06-15 15:10:55,14664.0,0.0,18006,590,siruntu,webcam,viewer_8
2023-06-15 15:10:56,14664.0,0.0,22465,448,siruntu,webcam,viewer_8
2023-06-15 15:10:57,14664.0,0.0,22202,536,siruntu,webcam,viewer_8
2023-06-15 15:10:58,14664.0,0.0,20253,590,siruntu,webcam,viewer_8
2023-06-15 15:10:59,14664.0,0.0,20920,560,siruntu,webcam,viewer_8
2023-06-15 15:11:00,14664.0,0.0,20410,590,siruntu,webcam,viewer_8
2023-06-15 15:11:01,14664.0,0.0,20993,448,siruntu,webcam,viewer_8
2023-06-15 15:11:02,14664.0,0.0,19636,424,siruntu,webcam,viewer_8
2023-06-15 15:11:03,14664.0,0.0,25152,702,siruntu,webcam,viewer_8
2023-06-15 15:11:04,14664.0,0.0,19822,448,siruntu,webcam,viewer_8
2023-06-15 15:33:10,43992.0,0.0,27027,2478,siruntu,screen,viewer_8
2023-06-15 15:33:11,14664.0,0.0,16589,348,siruntu,screen,viewer_8
2023-06-15 15:33:12,50256.0,0.0,6213,822,siruntu,screen,viewer_8
2023-06-15 15:33:13,50256.0,0.0,6324,734,siruntu,screen,viewer_8
2023-06-15 15:33:14,14664.0,0.0,9001,436,siruntu,screen,viewer_8
2023-06-15 15:33:15,14664.0,0.0,11477,484,siruntu,screen,viewer_8
2023-06-15 15:33:16,14664.0,0.0,5630,508,siruntu,screen,viewer_8
2023-06-15 15:33:17,14664.0,0.0,6561,460,siruntu,screen,viewer_8
2023-06-15 15:33:18,14664.0,0.0,272,458,siruntu,screen,viewer_8
2023-06-15 15:33:19,14664.0,0.0,19331,366,siruntu,screen,viewer_8
2023-06-15 15:33:20,14664.0,0.0,5826,396,siruntu,screen,viewer_8
2023-06-15 15:33:21,14664.0,0.0,19008,572,siruntu,screen,viewer_8
2023-06-15 15:33:22,14664.0,0.0,19245,396,siruntu,screen,viewer_8
2023-06-15 15:33:23,14664.0,0.0,8681,1020,siruntu,screen,viewer_8
2023-06-15 15:33:24,14664.0,0.0,42840,942,siruntu,screen,viewer_8
2023-06-15 15:33:25,32460.0,0.0,35626,473,siruntu,screen,viewer_8
2023-06-15 15:33:26,32460.0,0.0,22636,329,siruntu,screen,viewer_8
2023-06-15 15:33:27,32460.0,0.0,8946,583,siruntu,screen,viewer_8
2023-06-15 15:33:28,29328.0,0.0,7142,216,siruntu,screen,viewer_8
2023-06-15 15:33:29,14664.0,0.0,4654,316,siruntu,screen,viewer_8
2023-06-15 15:33:30,14664.0,0.0,9151,400,siruntu,screen,viewer_8
2023-06-15 15:33:31,14664.0,0.0,8069,336,siruntu,screen,viewer_8
2023-06-15 15:33:32,14664.0,0.0,8164,478,siruntu,screen,viewer_8
2023-06-15 15:33:33,14664.0,0.0,7552,448,siruntu,screen,viewer_8
2023-06-15 15:33:34,14664.0,0.0,9188,512,siruntu,screen,viewer_8
2023-06-15 15:33:35,14664.0,0.0,7110,590,siruntu,screen,viewer_8
2023-06-15 15:33:36,14664.0,0.0,8181,448,siruntu,screen,viewer_8
2023-06-15 15:33:37,14664.0,0.0,9692,366,siruntu,screen,viewer_8
2023-06-15 15:33:38,14664.0,0.0,12075,400,siruntu,screen,viewer_8
2023-06-15 15:33:39,14664.0,0.0,9210,510,siruntu,screen,viewer_8
2023-06-15 15:33:40,14664.0,0.0,8471,478,siruntu,screen,viewer_8
2023-06-15 15:33:41,14664.0,0.0,7635,336,siruntu,screen,viewer_8
2023-06-15 15:33:42,14664.0,0.0,8258,448,siruntu,screen,viewer_8
2023-06-15 15:33:43,14664.0,0.0,8887,478,siruntu,screen,viewer_8
2023-06-15 15:33:44,29328.0,0.0,9228,490,siruntu,screen,viewer_8
2023-06-15 15:33:45,14664.0,0.0,394,206,siruntu,screen,viewer_8
2023-06-15 15:33:46,14664.0,0.0,34416,464,siruntu,screen,viewer_8
2023-06-15 15:33:48,14664.0,0.0,15372,1136,siruntu,screen,viewer_8
2023-06-15 15:33:49,14664.0,0.0,63501,366,siruntu,screen,viewer_8
2023-06-15 15:33:50,14664.0,0.0,4384,348,siruntu,screen,viewer_8
2023-06-15 15:33:51,14664.0,0.0,5312,974,siruntu,screen,viewer_8
2023-06-15 15:33:52,14664.0,0.0,27995,624,siruntu,screen,viewer_8
2023-06-15 15:33:53,14664.0,0.0,59244,624,siruntu,screen,viewer_8
2023-06-15 15:33:54,14664.0,0.0,27566,478,siruntu,screen,viewer_8
2023-06-15 15:33:55,14664.0,0.0,5701,224,siruntu,screen,viewer_8
2023-06-15 15:33:56,14664.0,0.0,2388,176,siruntu,screen,viewer_8
2023-06-15 15:33:57,14664.0,0.0,27159,1266,siruntu,screen,viewer_8
2023-06-15 15:33:58,14664.0,0.0,25200,1148,siruntu,screen,viewer_8
2023-06-15 15:33:59,14664.0,0.0,82359,478,siruntu,screen,viewer_8
2023-06-15 15:34:00,14664.0,0.0,370,62,siruntu,screen,viewer_8
2023-06-15 15:34:01,14664.0,0.0,102060,112,siruntu,screen,viewer_8
2023-06-15 15:34:02,14664.0,0.0,47310,366,siruntu,screen,viewer_8
2023-06-15 15:34:03,14664.0,0.0,258,176,siruntu,screen,viewer_8
2023-06-15 15:34:04,14664.0,0.0,12736,366,siruntu,screen,viewer_8
2023-06-15 15:34:05,14664.0,0.0,13937,366,siruntu,screen,viewer_8
2023-06-15 15:34:06,14664.0,0.0,9602,224,siruntu,screen,viewer_8
2023-06-15 15:34:07,14664.0,0.0,9871,176,siruntu,screen,viewer_8
2023-06-15 15:34:09,14664.0,0.0,16641,1422,siruntu,screen,viewer_8
2023-06-15 15:34:10,14664.0,0.0,86514,1054,siruntu,screen,viewer_8
2023-06-15 15:34:11,29328.0,0.0,7097,892,siruntu,screen,viewer_8
2023-06-15 15:34:12,14664.0,0.0,85419,336,siruntu,screen,viewer_8
2023-06-15 15:34:13,14664.0,0.0,37351,366,siruntu,screen,viewer_8
2023-06-15 15:34:14,14664.0,0.0,7868,112,siruntu,screen,viewer_8
2023-06-15 15:34:15,14664.0,0.0,7966,416,siruntu,screen,viewer_8
2023-06-15 15:34:16,14664.0,0.0,25540,1278,siruntu,screen,viewer_8
2023-06-15 15:34:17,14664.0,0.0,38136,608,siruntu,screen,viewer_8
2023-06-15 15:34:18,29328.0,0.0,39803,378,siruntu,screen,viewer_8
2023-06-15 15:34:19,14664.0,0.0,18887,318,siruntu,screen,viewer_8
2023-06-15 15:34:20,14664.0,0.0,12657,336,siruntu,screen,viewer_8
2023-06-15 15:34:21,14664.0,0.0,492,204,siruntu,screen,viewer_8
2023-06-15 15:34:22,14664.0,0.0,5250,336,siruntu,screen,viewer_8
2023-06-15 15:34:23,14664.0,0.0,9899,224,siruntu,screen,viewer_8
2023-06-15 15:34:24,14664.0,0.0,10810,366,siruntu,screen,viewer_8
2023-06-15 15:34:25,14664.0,0.0,10044,400,siruntu,screen,viewer_8
2023-06-15 15:34:26,14664.0,0.0,10710,366,siruntu,screen,viewer_8
2023-06-15 15:34:27,14664.0,0.0,8600,336,siruntu,screen,viewer_8
2023-06-15 15:34:28,14664.0,0.0,5580,224,siruntu,screen,viewer_8
2023-06-15 15:34:29,14664.0,0.0,8428,654,siruntu,screen,viewer_8
2023-06-15 15:34:30,14664.0,0.0,9510,560,siruntu,screen,viewer_8
2023-06-15 15:34:31,14664.0,0.0,7829,460,siruntu,screen,viewer_8
2023-06-15 15:34:32,14664.0,0.0,12486,478,siruntu,screen,viewer_8
2023-06-15 15:34:33,14664.0,0.0,13018,656,siruntu,screen,viewer_8
2023-06-15 15:34:34,29328.0,0.0,11850,744,siruntu,screen,viewer_8
2023-06-15 15:34:35,14664.0,0.0,9901,336,siruntu,screen,viewer_8
2023-06-15 15:34:36,14664.0,0.0,8891,448,siruntu,screen,viewer_8
2023-06-15 15:34:37,14664.0,0.0,14002,478,siruntu,screen,viewer_8
2023-06-15 15:34:38,14664.0,0.0,10591,400,siruntu,screen,viewer_8
2023-06-15 15:34:39,14664.0,0.0,11451,702,siruntu,screen,viewer_8
2023-06-15 15:34:40,14664.0,0.0,11236,336,siruntu,screen,viewer_8
2023-06-15 15:34:41,14664.0,0.0,8273,572,siruntu,screen,viewer_8
2023-06-15 15:34:42,14664.0,0.0,12348,478,siruntu,screen,viewer_8
2023-06-15 15:34:43,14664.0,0.0,12520,448,siruntu,screen,viewer_8
2023-06-15 15:34:44,14664.0,0.0,11897,448,siruntu,screen,viewer_8
2023-06-15 15:34:45,14664.0,0.0,11180,654,siruntu,screen,viewer_8
2023-06-15 15:34:46,14664.0,0.0,8709,448,siruntu,screen,viewer_8
2023-06-15 15:34:47,14664.0,0.0,13249,590,siruntu,screen,viewer_8
2023-06-15 15:34:48,14664.0,0.0,11170,336,siruntu,screen,viewer_8
2023-06-15 15:34:49,14664.0,0.0,10708,448,siruntu,screen,viewer_8
2023-06-15 15:34:50,29328.0,0.0,11779,744,siruntu,screen,viewer_8
2023-06-15 15:34:51,14664.0,0.0,8260,398,siruntu,screen,viewer_8
2023-06-15 15:34:52,14664.0,0.0,13022,512,siruntu,screen,viewer_8
2023-06-15 15:34:53,14664.0,0.0,12088,478,siruntu,screen,viewer_8
2023-06-15 15:34:55,14664.0,0.0,10592,448,siruntu,screen,viewer_8
2023-06-15 15:34:56,14664.0,0.0,12132,590,siruntu,screen,viewer_8
2023-06-15 15:34:57,14664.0,0.0,8830,512,siruntu,screen,viewer_8
2023-06-15 15:34:58,14664.0,0.0,272,0,siruntu,screen,viewer_8
2023-06-15 15:34:59,14664.0,0.0,19021,478,siruntu,screen,viewer_8
2023-06-15 15:35:00,14664.0,0.0,18586,176,siruntu,screen,viewer_8
2023-06-15 15:35:01,14664.0,0.0,272,254,siruntu,screen,viewer_8
2023-06-15 15:35:02,14664.0,0.0,18929,236,siruntu,screen,viewer_8
2023-06-15 15:35:03,14664.0,0.0,40415,976,siruntu,screen,viewer_8
2023-06-15 15:35:04,14664.0,0.0,22749,254,siruntu,screen,viewer_8
2023-06-15 15:35:05,14664.0,0.0,24525,224,siruntu,screen,viewer_8
2023-06-15 15:35:06,14664.0,0.0,5777,288,siruntu,screen,viewer_8
2023-06-15 15:35:07,14664.0,0.0,510,254,siruntu,screen,viewer_8
2023-06-15 15:35:08,14664.0,0.0,7560,1024,siruntu,screen,viewer_8
2023-06-15 15:35:09,29328.0,0.0,18725,1700,siruntu,screen,viewer_8
2023-06-15 15:35:10,14664.0,0.0,42824,2032,siruntu,screen,viewer_8
2023-06-15 15:35:11,14664.0,0.0,186480,480,siruntu,screen,viewer_8
2023-06-15 15:35:12,14664.0,0.0,131589,492,siruntu,screen,viewer_8
2023-06-15 15:35:13,14664.0,0.0,49258,224,siruntu,screen,viewer_8
2023-06-15 15:35:14,14664.0,0.0,14163,366,siruntu,screen,viewer_8
2023-06-15 15:35:15,14664.0,0.0,11975,288,siruntu,screen,viewer_8
2023-06-15 15:35:17,14664.0,0.0,9245,478,siruntu,screen,viewer_8
2023-06-15 15:35:18,14664.0,0.0,646,0,siruntu,screen,viewer_8
2023-06-15 15:35:19,14664.0,0.0,18990,224,siruntu,screen,viewer_8
2023-06-15 15:35:20,14664.0,0.0,18854,254,siruntu,screen,viewer_8
2023-06-15 15:35:21,14664.0,0.0,37920,400,siruntu,screen,viewer_8
2023-06-15 15:35:22,14664.0,0.0,136,254,siruntu,screen,viewer_8
2023-06-15 15:35:23,14664.0,0.0,13985,224,siruntu,screen,viewer_8
2023-06-15 15:35:24,14664.0,0.0,544,224,siruntu,screen,viewer_8
2023-06-15 15:35:25,50256.0,0.0,25305,625,siruntu,screen,viewer_8
2023-06-15 15:35:27,32460.0,0.0,19402,329,siruntu,screen,viewer_8
2023-06-15 15:35:28,32460.0,0.0,6034,647,siruntu,screen,viewer_8
2023-06-15 15:35:29,14664.0,0.0,4268,112,siruntu,screen,viewer_8
2023-06-15 15:35:30,14664.0,0.0,5938,366,siruntu,screen,viewer_8
2023-06-15 15:35:32,14664.0,0.0,5283,366,siruntu,screen,viewer_8
2023-06-15 15:35:33,14664.0,0.0,3880,430,siruntu,screen,viewer_8
2023-06-15 15:35:34,14664.0,0.0,12257,366,siruntu,screen,viewer_8
2023-06-15 15:35:35,14664.0,0.0,28909,224,siruntu,screen,viewer_8
2023-06-15 15:35:36,14664.0,0.0,17439,1022,siruntu,screen,viewer_8
2023-06-15 15:35:37,14664.0,0.0,22724,688,siruntu,screen,viewer_8
2023-06-15 15:35:38,14664.0,0.0,45522,112,siruntu,screen,viewer_8
2023-06-15 15:35:39,14664.0,0.0,19148,254,siruntu,screen,viewer_8
2023-06-15 15:35:40,14664.0,0.0,19046,112,siruntu,screen,viewer_8
2023-06-15 15:35:42,14664.0,0.0,18886,366,siruntu,screen,viewer_8
2023-06-15 15:35:43,29328.0,0.0,9752,378,siruntu,screen,viewer_8
2023-06-15 15:35:44,14664.0,0.0,18948,430,siruntu,screen,viewer_8
2023-06-15 15:35:45,14664.0,0.0,6333,224,siruntu,screen,viewer_8
2023-06-15 15:35:46,14664.0,0.0,272,254,siruntu,screen,viewer_8
2023-06-15 15:35:47,14664.0,0.0,69378,1280,siruntu,screen,viewer_8
2023-06-15 15:35:48,14664.0,0.0,26108,112,siruntu,screen,viewer_8
2023-06-15 15:35:49,14664.0,0.0,7697,366,siruntu,screen,viewer_8
2023-06-15 15:35:50,14664.0,0.0,136,112,siruntu,screen,viewer_8
2023-06-15 15:35:51,14664.0,0.0,24229,336,siruntu,screen,viewer_8
2023-06-15 15:35:52,14664.0,0.0,5919,318,siruntu,screen,viewer_8
2023-06-15 15:35:53,14664.0,0.0,272,112,siruntu,screen,viewer_8
2023-06-15 15:35:54,14664.0,0.0,19207,254,siruntu,screen,viewer_8
2023-06-15 15:35:55,14664.0,0.0,10824,224,siruntu,screen,viewer_8
2023-06-15 15:35:56,14664.0,0.0,4457,112,siruntu,screen,viewer_8
2023-06-15 15:35:57,14664.0,0.0,6906,254,siruntu,screen,viewer_8
2023-06-15 15:35:58,14664.0,0.0,7339,288,siruntu,screen,viewer_8
2023-06-15 15:35:59,29328.0,0.0,9495,266,siruntu,screen,viewer_8
2023-06-15 15:36:00,14664.0,0.0,7066,254,siruntu,screen,viewer_8
2023-06-15 15:36:01,14664.0,0.0,7367,224,siruntu,screen,viewer_8
2023-06-15 15:36:02,14664.0,0.0,3686,366,siruntu,screen,viewer_8
2023-06-15 15:36:03,14664.0,0.0,444,64,siruntu,screen,viewer_8
2023-06-15 15:36:04,14664.0,0.0,23950,336,siruntu,screen,viewer_8
2023-06-15 15:36:06,14664.0,0.0,6576,366,siruntu,screen,viewer_8
2023-06-15 15:36:07,14664.0,0.0,5643,176,siruntu,screen,viewer_8
2023-06-15 15:36:08,14664.0,0.0,4973,254,siruntu,screen,viewer_8
2023-06-15 15:36:09,14664.0,0.0,394,112,siruntu,screen,viewer_8
2023-06-15 15:36:10,14664.0,0.0,19083,336,siruntu,screen,viewer_8
2023-06-15 15:36:11,14664.0,0.0,8959,366,siruntu,screen,viewer_8
2023-06-15 15:36:12,14664.0,0.0,17690,992,siruntu,screen,viewer_8
2023-06-15 15:36:13,14664.0,0.0,39100,416,siruntu,screen,viewer_8
2023-06-15 15:36:14,14664.0,0.0,394,142,siruntu,screen,viewer_8
2023-06-15 15:36:15,14664.0,0.0,136,112,siruntu,screen,viewer_8
2023-06-15 15:36:16,29328.0,0.0,16877,1000,siruntu,screen,viewer_8
2023-06-15 15:36:17,14664.0,0.0,136,764,siruntu,screen,viewer_8
2023-06-15 15:36:18,14664.0,0.0,91738,736,siruntu,screen,viewer_8
2023-06-15 15:36:19,14664.0,0.0,88340,494,siruntu,screen,viewer_8
2023-06-15 15:36:20,14664.0,0.0,7294,112,siruntu,screen,viewer_8
2023-06-15 15:36:21,14664.0,0.0,6214,112,siruntu,screen,viewer_8
2023-06-15 15:36:22,14664.0,0.0,8734,430,siruntu,screen,viewer_8
2023-06-15 15:36:23,14664.0,0.0,5187,224,siruntu,screen,viewer_8
2023-06-15 15:36:24,14664.0,0.0,9428,366,siruntu,screen,viewer_8
2023-06-15 15:36:25,14664.0,0.0,12353,224,siruntu,screen,viewer_8
2023-06-15 15:36:26,14664.0,0.0,5824,224,siruntu,screen,viewer_8
2023-06-15 15:36:27,14664.0,0.0,6146,478,siruntu,screen,viewer_8
2023-06-15 15:36:28,14664.0,0.0,10128,512,siruntu,screen,viewer_8
2023-06-15 15:36:29,14664.0,0.0,8884,590,siruntu,screen,viewer_8
2023-06-15 15:36:30,14664.0,0.0,10270,560,siruntu,screen,viewer_8
2023-06-15 15:36:31,14664.0,0.0,6332,224,siruntu,screen,viewer_8
2023-06-15 15:36:32,14664.0,0.0,510,142,siruntu,screen,viewer_8
2023-06-15 15:36:33,14664.0,0.0,26125,288,siruntu,screen,viewer_8
2023-06-15 15:36:34,14664.0,0.0,10987,224,siruntu,screen,viewer_8
2023-06-15 15:36:35,14664.0,0.0,5817,254,siruntu,screen,viewer_8
2023-06-15 15:36:36,14664.0,0.0,3855,288,siruntu,screen,viewer_8
2023-06-15 15:36:37,14664.0,0.0,5361,254,siruntu,screen,viewer_8
2023-06-15 15:36:38,14664.0,0.0,10974,336,siruntu,screen,viewer_8
2023-06-15 15:36:39,14664.0,0.0,9725,224,siruntu,screen,viewer_8
2023-06-15 15:36:40,14664.0,0.0,10054,590,siruntu,screen,viewer_8
2023-06-15 15:36:41,14664.0,0.0,8714,336,siruntu,screen,viewer_8
2023-06-15 15:36:42,14664.0,0.0,13626,544,siruntu,screen,viewer_8
2023-06-15 15:36:43,14664.0,0.0,7971,590,siruntu,screen,viewer_8
2023-06-15 15:36:44,14664.0,0.0,9960,448,siruntu,screen,viewer_8
2023-06-15 15:36:45,14664.0,0.0,10634,590,siruntu,screen,viewer_8
2023-06-15 15:36:46,14664.0,0.0,10623,336,siruntu,screen,viewer_8
2023-06-15 15:36:47,14664.0,0.0,8975,448,siruntu,screen,viewer_8
2023-06-15 15:36:48,14664.0,0.0,13066,478,siruntu,screen,viewer_8
2023-06-15 15:36:49,29328.0,0.0,11294,554,siruntu,screen,viewer_8
2023-06-15 15:36:50,14664.0,0.0,13459,590,siruntu,screen,viewer_8
2023-06-15 15:36:51,14664.0,0.0,8635,448,siruntu,screen,viewer_8
2023-06-15 15:36:52,14664.0,0.0,11309,448,siruntu,screen,viewer_8
2023-06-15 15:36:53,14664.0,0.0,11776,478,siruntu,screen,viewer_8
2023-06-15 15:36:54,29328.0,0.0,13442,490,siruntu,screen,viewer_8
2023-06-15 15:36:55,14664.0,0.0,12659,512,siruntu,screen,viewer_8
2023-06-15 15:36:56,14664.0,0.0,10817,478,siruntu,screen,viewer_8
2023-06-15 15:36:57,14664.0,0.0,10398,448,siruntu,screen,viewer_8
2023-06-15 15:36:58,14664.0,0.0,13020,478,siruntu,screen,viewer_8
2023-06-15 15:36:59,14664.0,0.0,13038,448,siruntu,screen,viewer_8
2023-06-15 15:37:00,14664.0,0.0,13471,512,siruntu,screen,viewer_8
2023-06-15 15:37:01,14664.0,0.0,9128,590,siruntu,screen,viewer_8
2023-06-15 15:37:02,14664.0,0.0,12219,336,siruntu,screen,viewer_8
2023-06-15 15:37:03,14664.0,0.0,11785,560,siruntu,screen,viewer_8
2023-06-15 15:37:04,14664.0,0.0,13249,590,siruntu,screen,viewer_8
2023-06-15 15:37:05,29328.0,0.0,11896,554,siruntu,screen,viewer_8
2023-06-15 15:37:06,14664.0,0.0,8177,590,siruntu,screen,viewer_8
2023-06-15 15:37:07,14664.0,0.0,9896,336,siruntu,screen,viewer_8
2023-06-15 15:37:08,14664.0,0.0,11568,448,siruntu,screen,viewer_8
2023-06-15 15:37:09,14664.0,0.0,12560,478,siruntu,screen,viewer_8
2023-06-15 15:37:10,14664.0,0.0,13977,448,siruntu,screen,viewer_8
2023-06-15 15:37:11,14664.0,0.0,9695,654,siruntu,screen,viewer_8
2023-06-15 15:37:12,14664.0,0.0,11708,336,siruntu,screen,viewer_8
2023-06-15 15:37:13,14664.0,0.0,12582,448,siruntu,screen,viewer_8
2023-06-15 15:37:14,14664.0,0.0,12748,590,siruntu,screen,viewer_8
2023-06-15 15:37:15,14664.0,0.0,11066,336,siruntu,screen,viewer_8
2023-06-15 15:37:17,14664.0,0.0,9518,400,siruntu,screen,viewer_8
2023-06-15 15:37:18,14664.0,0.0,12929,590,siruntu,screen,viewer_8
2023-06-15 15:37:19,14664.0,0.0,2580,112,siruntu,screen,viewer_8
2023-06-15 15:37:20,14664.0,0.0,18893,478,siruntu,screen,viewer_8
2023-06-15 15:37:21,14664.0,0.0,18919,176,siruntu,screen,viewer_8
2023-06-15 15:37:22,14664.0,0.0,6167,112,siruntu,screen,viewer_8
2023-06-15 15:37:23,29328.0,0.0,7413,408,siruntu,screen,viewer_8
2023-06-15 15:37:24,14664.0,0.0,3819,1008,siruntu,screen,viewer_8
2023-06-15 15:37:25,14664.0,0.0,67090,670,siruntu,screen,viewer_8
2023-06-15 15:37:26,32460.0,0.0,4052,329,siruntu,screen,viewer_8
2023-06-15 15:37:27,32460.0,0.0,6689,1353,siruntu,screen,viewer_8
2023-06-15 15:37:28,32460.0,0.0,83428,711,siruntu,screen,viewer_8
2023-06-15 15:37:29,14664.0,0.0,7306,336,siruntu,screen,viewer_8
2023-06-15 15:37:30,14664.0,0.0,6952,430,siruntu,screen,viewer_8
2023-06-15 15:37:31,14664.0,0.0,8623,336,siruntu,screen,viewer_8
2023-06-15 15:37:32,14664.0,0.0,5820,336,siruntu,screen,viewer_8
2023-06-15 15:37:33,14664.0,0.0,9666,654,siruntu,screen,viewer_8
2023-06-15 15:37:34,14664.0,0.0,10618,336,siruntu,screen,viewer_8
2023-06-15 15:37:35,14664.0,0.0,12303,224,siruntu,screen,viewer_8
2023-06-15 15:37:36,14664.0,0.0,10560,654,siruntu,screen,viewer_8
2023-06-15 15:37:37,14664.0,0.0,11810,336,siruntu,screen,viewer_8
2023-06-15 15:37:38,14664.0,0.0,9933,478,siruntu,screen,viewer_8
2023-06-15 15:37:39,29328.0,0.0,14005,532,siruntu,screen,viewer_8
2023-06-15 15:37:40,14664.0,0.0,13066,336,siruntu,screen,viewer_8
2023-06-15 15:37:41,14664.0,0.0,10922,590,siruntu,screen,viewer_8
2023-06-15 15:37:42,14664.0,0.0,9525,400,siruntu,screen,viewer_8
2023-06-15 15:37:43,14664.0,0.0,13221,448,siruntu,screen,viewer_8
2023-06-15 15:37:44,14664.0,0.0,11144,590,siruntu,screen,viewer_8
2023-06-15 15:37:45,14664.0,0.0,12937,448,siruntu,screen,viewer_8
2023-06-15 15:37:46,14664.0,0.0,12313,478,siruntu,screen,viewer_8
2023-06-15 15:37:47,14664.0,0.0,8149,400,siruntu,screen,viewer_8
2023-06-15 15:37:48,14664.0,0.0,9890,448,siruntu,screen,viewer_8
2023-06-15 15:37:49,14664.0,0.0,10830,478,siruntu,screen,viewer_8
2023-06-15 15:37:50,14664.0,0.0,13485,336,siruntu,screen,viewer_8
2023-06-15 15:37:51,14664.0,0.0,13566,590,siruntu,screen,viewer_8
2023-06-15 15:37:52,14664.0,0.0,11287,336,siruntu,screen,viewer_8
2023-06-15 15:37:53,14664.0,0.0,12355,560,siruntu,screen,viewer_8
2023-06-15 15:37:54,14664.0,0.0,12412,654,siruntu,screen,viewer_8
2023-06-15 15:37:55,29328.0,0.0,12548,490,siruntu,screen,viewer_8
2023-06-15 15:37:56,14664.0,0.0,10546,448,siruntu,screen,viewer_8
2023-06-15 15:37:57,14664.0,0.0,11433,654,siruntu,screen,viewer_8
2023-06-15 15:37:58,14664.0,0.0,11367,448,siruntu,screen,viewer_8
2023-06-15 15:37:59,14664.0,0.0,12903,590,siruntu,screen,viewer_8
2023-06-15 15:38:00,14664.0,0.0,11010,560,siruntu,screen,viewer_8
2023-06-15 15:38:01,14664.0,0.0,9684,448,siruntu,screen,viewer_8
2023-06-15 15:38:02,14664.0,0.0,12045,590,siruntu,screen,viewer_8
2023-06-15 15:38:03,14664.0,0.0,11272,448,siruntu,screen,viewer_8
2023-06-15 15:38:04,14664.0,0.0,12312,654,siruntu,screen,viewer_8
2023-06-15 15:38:05,14664.0,0.0,12118,560,siruntu,screen,viewer_8
2023-06-15 15:38:06,14664.0,0.0,9285,336,siruntu,screen,viewer_8
2023-06-15 15:38:07,14664.0,0.0,10489,590,siruntu,screen,viewer_8
2023-06-15 15:38:09,14664.0,0.0,13643,448,siruntu,screen,viewer_8
2023-06-15 15:38:10,14664.0,0.0,12462,624,siruntu,screen,viewer_8
2023-06-15 15:38:11,14664.0,0.0,14537,590,siruntu,screen,viewer_8
2023-06-15 15:38:12,29328.0,0.0,12571,602,siruntu,screen,viewer_8
2023-06-15 15:38:13,14664.0,0.0,10444,590,siruntu,screen,viewer_8
2023-06-15 15:38:14,14664.0,0.0,11642,448,siruntu,screen,viewer_8
2023-06-15 15:38:15,14664.0,0.0,11665,448,siruntu,screen,viewer_8
2023-06-15 15:38:16,14664.0,0.0,12322,702,siruntu,screen,viewer_8
2023-06-15 15:38:17,14664.0,0.0,7821,512,siruntu,screen,viewer_8
2023-06-15 15:38:18,14664.0,0.0,12222,590,siruntu,screen,viewer_8
2023-06-15 15:38:19,14664.0,0.0,13359,560,siruntu,screen,viewer_8
2023-06-15 15:38:20,14664.0,0.0,13006,448,siruntu,screen,viewer_8
2023-06-15 15:38:21,14664.0,0.0,11777,654,siruntu,screen,viewer_8
2023-06-15 15:38:22,14664.0,0.0,10680,448,siruntu,screen,viewer_8
2023-06-15 15:38:23,14664.0,0.0,10579,448,siruntu,screen,viewer_8
2023-06-15 15:38:24,29328.0,0.0,12594,744,siruntu,screen,viewer_8
2023-06-15 15:38:25,14664.0,0.0,12123,560,siruntu,screen,viewer_8
2023-06-15 15:38:26,14664.0,0.0,11009,590,siruntu,screen,viewer_8
2023-06-15 15:38:27,14664.0,0.0,9996,512,siruntu,screen,viewer_8
2023-06-15 15:38:28,29328.0,0.0,13526,490,siruntu,screen,viewer_8
2023-06-15 15:38:29,14664.0,0.0,12027,590,siruntu,screen,viewer_8
2023-06-15 15:38:30,14664.0,0.0,13304,448,siruntu,screen,viewer_8
2023-06-15 15:38:31,14664.0,0.0,10906,702,siruntu,screen,viewer_8
2023-06-15 15:38:32,14664.0,0.0,12415,448,siruntu,screen,viewer_8
2023-06-15 15:38:33,14664.0,0.0,10065,448,siruntu,screen,viewer_8
2023-06-15 15:38:34,14664.0,0.0,14467,766,siruntu,screen,viewer_8
2023-06-15 15:38:35,14664.0,0.0,12682,448,siruntu,screen,viewer_8
2023-06-15 15:38:36,14664.0,0.0,12707,448,siruntu,screen,viewer_8
2023-06-15 15:38:37,14664.0,0.0,10640,702,siruntu,screen,viewer_8
2023-06-15 15:38:38,14664.0,0.0,11375,448,siruntu,screen,viewer_8
2023-06-15 15:38:39,14664.0,0.0,7763,366,siruntu,screen,viewer_8
2023-06-15 15:38:40,14664.0,0.0,15246,560,siruntu,screen,viewer_8
2023-06-15 15:38:41,14664.0,0.0,9557,400,siruntu,screen,viewer_8
2023-06-15 15:38:42,14664.0,0.0,10989,702,siruntu,screen,viewer_8
2023-06-15 15:38:43,14664.0,0.0,9027,448,siruntu,screen,viewer_8
2023-06-15 15:38:44,29328.0,0.0,12574,490,siruntu,screen,viewer_8
2023-06-15 15:38:45,14664.0,0.0,15844,702,siruntu,screen,viewer_8
2023-06-15 15:38:46,14664.0,0.0,13330,560,siruntu,screen,viewer_8
2023-06-15 15:38:47,14664.0,0.0,15288,590,siruntu,screen,viewer_8
2023-06-15 15:38:48,14664.0,0.0,13981,512,siruntu,screen,viewer_8
2023-06-15 15:38:49,14664.0,0.0,16340,560,siruntu,screen,viewer_8
2023-06-15 15:38:50,14664.0,0.0,18397,702,siruntu,screen,viewer_8
2023-06-15 15:38:51,14664.0,0.0,15292,336,siruntu,screen,viewer_8
2023-06-15 15:38:52,14664.0,0.0,20499,654,siruntu,screen,viewer_8
2023-06-15 15:38:53,14664.0,0.0,24040,560,siruntu,screen,viewer_8
2023-06-15 15:38:54,14664.0,0.0,25281,448,siruntu,screen,viewer_8
2023-06-15 15:38:55,14664.0,0.0,24233,702,siruntu,screen,viewer_8
2023-06-15 15:38:56,14664.0,0.0,19690,448,siruntu,screen,viewer_8
2023-06-15 15:38:57,14664.0,0.0,23364,512,siruntu,screen,viewer_8
2023-06-15 15:38:58,14664.0,0.0,19856,702,siruntu,screen,viewer_8
2023-06-15 15:38:59,14664.0,0.0,13788,448,siruntu,screen,viewer_8
2023-06-15 15:39:00,29328.0,0.0,13581,632,siruntu,screen,viewer_8
2023-06-15 15:39:01,14664.0,0.0,9962,560,siruntu,screen,viewer_8
2023-06-15 15:39:02,14664.0,0.0,12647,512,siruntu,screen,viewer_8
2023-06-15 15:39:03,14664.0,0.0,13820,702,siruntu,screen,viewer_8
2023-06-15 15:39:04,14664.0,0.0,12572,448,siruntu,screen,viewer_8
2023-06-15 15:39:05,14664.0,0.0,14093,702,siruntu,screen,viewer_8
2023-06-15 15:39:06,14664.0,0.0,19128,448,siruntu,screen,viewer_8
2023-06-15 15:39:07,14664.0,0.0,13344,512,siruntu,screen,viewer_8
2023-06-15 15:39:08,14664.0,0.0,33982,478,siruntu,screen,viewer_8
2023-06-15 15:39:09,29328.0,0.0,33640,602,siruntu,screen,viewer_8
2023-06-15 15:39:10,14664.0,0.0,31792,512,siruntu,screen,viewer_8
2023-06-15 15:39:12,14664.0,0.0,30556,590,siruntu,screen,viewer_8
2023-06-15 15:39:13,14664.0,0.0,40727,560,siruntu,screen,viewer_8
2023-06-15 15:39:14,14664.0,0.0,30464,590,siruntu,screen,viewer_8
2023-06-15 15:39:15,14664.0,0.0,44603,624,siruntu,screen,viewer_8
2023-06-15 15:39:16,14664.0,0.0,18921,448,siruntu,screen,viewer_8
2023-06-15 15:39:17,29328.0,0.0,12765,744,siruntu,screen,viewer_8
2023-06-15 15:39:18,14664.0,0.0,15569,448,siruntu,screen,viewer_8
2023-06-15 15:39:19,14664.0,0.0,75843,512,siruntu,screen,viewer_8
2023-06-15 15:39:20,14664.0,0.0,40593,702,siruntu,screen,viewer_8
2023-06-15 15:39:21,14664.0,0.0,38031,448,siruntu,screen,viewer_8
2023-06-15 15:39:22,14664.0,0.0,39462,654,siruntu,screen,viewer_8
2023-06-15 15:39:23,14664.0,0.0,41052,560,siruntu,screen,viewer_8
2023-06-15 15:39:24,14664.0,0.0,53158,448,siruntu,screen,viewer_8
2023-06-15 15:39:25,14664.0,0.0,35461,590,siruntu,screen,viewer_8
2023-06-15 15:39:26,32460.0,0.0,26715,553,siruntu,screen,viewer_8
2023-06-15 15:39:27,68052.0,0.0,18465,807,siruntu,screen,viewer_8
2023-06-15 15:39:28,82716.0,0.0,26695,665,siruntu,screen,viewer_8
2023-06-15 15:39:29,64920.0,0.0,21062,624,siruntu,screen,viewer_8
2023-06-15 15:39:30,50256.0,0.0,12754,590,siruntu,screen,viewer_8
2023-06-15 15:39:31,29328.0,0.0,14931,448,siruntu,screen,viewer_8
2023-06-15 15:39:32,14664.0,0.0,8245,336,siruntu,screen,viewer_8
2023-06-15 15:39:33,43992.0,0.0,16646,808,siruntu,screen,viewer_8
2023-06-15 15:39:34,14664.0,0.0,13878,448,siruntu,screen,viewer_8
2023-06-15 15:39:35,29328.0,0.0,12298,590,siruntu,screen,viewer_8
2023-06-15 15:39:36,14664.0,0.0,11784,336,siruntu,screen,viewer_8
2023-06-15 15:39:37,29328.0,0.0,11755,448,siruntu,screen,viewer_8
2023-06-15 15:39:38,29328.0,0.0,15848,590,siruntu,screen,viewer_8
2023-06-15 15:39:39,29328.0,0.0,13452,512,siruntu,screen,viewer_8
2023-06-15 15:39:40,14664.0,0.0,13190,590,siruntu,screen,viewer_8
2023-06-15 15:39:41,29328.0,0.0,13864,560,siruntu,screen,viewer_8
2023-06-15 15:39:42,14664.0,0.0,8100,448,siruntu,screen,viewer_8
2023-06-15 15:39:43,14664.0,0.0,13548,654,siruntu,screen,viewer_8
2023-06-15 15:39:44,14664.0,0.0,15050,560,siruntu,screen,viewer_8
2023-06-15 15:39:45,29328.0,0.0,13909,624,siruntu,screen,viewer_8
2023-06-15 15:39:46,29328.0,0.0,15256,590,siruntu,screen,viewer_8
2023-06-15 15:39:47,14664.0,0.0,9686,448,siruntu,screen,viewer_8
2023-06-15 15:39:48,14664.0,0.0,14624,654,siruntu,screen,viewer_8
2023-06-15 15:39:49,29328.0,0.0,13711,602,siruntu,screen,viewer_8
2023-06-15 15:39:50,14664.0,0.0,13644,448,siruntu,screen,viewer_8
2023-06-15 15:39:51,14664.0,0.0,10732,766,siruntu,screen,viewer_8
2023-06-15 15:39:52,14664.0,0.0,13295,448,siruntu,screen,viewer_8
2023-06-15 15:39:53,14664.0,0.0,12648,590,siruntu,screen,viewer_8
2023-06-15 15:39:54,29328.0,0.0,16661,602,siruntu,screen,viewer_8
2023-06-15 15:39:55,14664.0,0.0,14348,448,siruntu,screen,viewer_8
2023-06-15 15:39:56,14664.0,0.0,11632,702,siruntu,screen,viewer_8
2023-06-15 15:39:57,14664.0,0.0,11997,448,siruntu,screen,viewer_8
2023-06-15 15:39:58,14664.0,0.0,12761,512,siruntu,screen,viewer_8
2023-06-15 15:39:59,14664.0,0.0,14768,590,siruntu,screen,viewer_8
2023-06-15 15:40:00,14664.0,0.0,15156,560,siruntu,screen,viewer_8
2023-06-15 15:40:01,14664.0,0.0,11004,590,siruntu,screen,viewer_8
2023-06-15 15:40:02,14664.0,0.0,12844,448,siruntu,screen,viewer_8
2023-06-15 15:40:03,14664.0,0.0,13489,560,siruntu,screen,viewer_8
2023-06-15 15:40:04,29328.0,0.0,14693,696,siruntu,screen,viewer_8
2023-06-15 15:40:06,14664.0,0.0,12924,560,siruntu,screen,viewer_8
2023-06-15 15:40:07,14664.0,0.0,12451,702,siruntu,screen,viewer_8
2023-06-15 15:40:08,14664.0,0.0,12702,448,siruntu,screen,viewer_8
2023-06-15 15:40:09,14664.0,0.0,14439,560,siruntu,screen,viewer_8
2023-06-15 15:40:10,14664.0,0.0,13736,654,siruntu,screen,viewer_8
2023-06-15 15:40:11,14664.0,0.0,13484,560,siruntu,screen,viewer_8
2023-06-15 15:40:12,14664.0,0.0,8057,336,siruntu,screen,viewer_8
2023-06-15 15:40:13,14664.0,0.0,13594,702,siruntu,screen,viewer_8
2023-06-15 15:40:14,14664.0,0.0,13673,448,siruntu,screen,viewer_8
2023-06-15 15:40:15,14664.0,0.0,14275,702,siruntu,screen,viewer_8
2023-06-15 15:40:16,14664.0,0.0,13681,448,siruntu,screen,viewer_8
2023-06-15 15:40:17,14664.0,0.0,11826,512,siruntu,screen,viewer_8
2023-06-15 15:40:18,14664.0,0.0,12986,702,siruntu,screen,viewer_8
2023-06-15 15:40:19,14664.0,0.0,12515,448,siruntu,screen,viewer_8
2023-06-15 15:40:20,43992.0,0.0,14245,590,siruntu,screen,viewer_8
2023-06-15 15:40:21,29328.0,0.0,12762,602,siruntu,screen,viewer_8
2023-06-15 15:40:22,29328.0,0.0,9754,448,siruntu,screen,viewer_8
2023-06-15 15:40:23,43992.0,0.0,13978,766,siruntu,screen,viewer_8
2023-06-15 15:40:24,29328.0,0.0,15252,352,siruntu,screen,viewer_8
2023-06-15 15:40:25,29328.0,0.0,13950,4472,siruntu,screen,viewer_8
2023-06-15 15:40:26,29328.0,0.0,11544,1894,siruntu,screen,viewer_8
2023-06-15 15:40:27,29328.0,0.0,10061,512,siruntu,screen,viewer_8
2023-06-15 15:40:28,14664.0,0.0,9092,366,siruntu,screen,viewer_8
2023-06-15 15:40:29,29328.0,0.0,69130,678,siruntu,screen,viewer_8
2023-06-15 15:40:30,14664.0,0.0,4309,224,siruntu,screen,viewer_8
2023-06-15 15:40:31,14664.0,0.0,11939,478,siruntu,screen,viewer_8
2023-06-15 15:40:32,14664.0,0.0,4492,112,siruntu,screen,viewer_8
2023-06-15 15:40:33,14664.0,0.0,7503,288,siruntu,screen,viewer_8
2023-06-15 15:40:34,14664.0,0.0,7333,478,siruntu,screen,viewer_8
2023-06-15 15:40:35,14664.0,0.0,7481,448,siruntu,screen,viewer_8
2023-06-15 15:40:36,14664.0,0.0,9380,654,siruntu,screen,viewer_8
2023-06-15 15:40:37,29328.0,0.0,9445,490,siruntu,screen,viewer_8
2023-06-15 15:40:38,14664.0,0.0,10943,448,siruntu,screen,viewer_8
2023-06-15 15:40:39,29328.0,0.0,12070,696,siruntu,screen,viewer_8
2023-06-15 15:40:40,14664.0,0.0,12449,448,siruntu,screen,viewer_8
2023-06-15 15:40:41,14664.0,0.0,12085,590,siruntu,screen,viewer_8
2023-06-15 15:40:42,14664.0,0.0,10390,560,siruntu,screen,viewer_8
2023-06-15 15:40:43,14664.0,0.0,12453,448,siruntu,screen,viewer_8
2023-06-15 15:40:44,14664.0,0.0,12526,654,siruntu,screen,viewer_8
2023-06-15 15:40:45,14664.0,0.0,12708,448,siruntu,screen,viewer_8
2023-06-15 15:40:46,14664.0,0.0,11091,448,siruntu,screen,viewer_8
2023-06-15 15:40:47,14664.0,0.0,10632,654,siruntu,screen,viewer_8
2023-06-15 15:40:48,14664.0,0.0,12040,560,siruntu,screen,viewer_8
2023-06-15 15:40:49,14664.0,0.0,15172,654,siruntu,screen,viewer_8
2023-06-15 15:40:50,14664.0,0.0,15278,560,siruntu,screen,viewer_8
2023-06-15 15:40:51,14664.0,0.0,11479,336,siruntu,screen,viewer_8
2023-06-15 15:40:52,29328.0,0.0,17591,590,siruntu,screen,viewer_8
2023-06-15 15:40:53,43992.0,0.0,16626,1794,siruntu,screen,viewer_8
2023-06-15 15:40:54,29328.0,0.0,26447,3310,siruntu,screen,viewer_8
2023-06-15 15:40:55,29328.0,0.0,22111,512,siruntu,screen,viewer_8
2023-06-15 15:40:56,14664.0,0.0,18522,336,siruntu,screen,viewer_8
2023-06-15 15:40:57,14664.0,0.0,28764,702,siruntu,screen,viewer_8
2023-06-15 15:40:58,29328.0,0.0,24018,710,siruntu,screen,viewer_8
2023-06-15 15:41:00,29328.0,0.0,32512,448,siruntu,screen,viewer_8
2023-06-15 15:41:01,14664.0,0.0,29774,590,siruntu,screen,viewer_8
2023-06-15 15:41:02,14664.0,0.0,16320,448,siruntu,screen,viewer_8
2023-06-15 15:41:03,14664.0,0.0,22074,590,siruntu,screen,viewer_8
2023-06-15 15:41:04,14664.0,0.0,18909,560,siruntu,screen,viewer_8
2023-06-15 15:41:05,14664.0,0.0,26255,624,siruntu,screen,viewer_8
2023-06-15 15:41:06,14664.0,0.0,22756,590,siruntu,screen,viewer_8
2023-06-15 15:41:07,14664.0,0.0,19009,560,siruntu,screen,viewer_8
2023-06-15 15:41:08,14664.0,0.0,31223,512,siruntu,screen,viewer_8
2023-06-15 15:41:09,14664.0,0.0,30542,590,siruntu,screen,viewer_8
2023-06-15 15:41:10,29328.0,0.0,22208,602,siruntu,screen,viewer_8
2023-06-15 15:41:11,14664.0,0.0,19734,590,siruntu,screen,viewer_8
2023-06-15 15:41:12,14664.0,0.0,12809,512,siruntu,screen,viewer_8
2023-06-15 15:41:13,14664.0,0.0,11404,560,siruntu,screen,viewer_8
2023-06-15 15:41:14,14664.0,0.0,10597,590,siruntu,screen,viewer_8
2023-06-15 15:41:15,14664.0,0.0,9646,448,siruntu,screen,viewer_8
2023-06-15 15:41:16,14664.0,0.0,16668,590,siruntu,screen,viewer_8
2023-06-15 15:41:17,14664.0,0.0,14277,624,siruntu,screen,viewer_8
2023-06-15 15:41:18,14664.0,0.0,11730,448,siruntu,screen,viewer_8
2023-06-15 15:41:19,14664.0,0.0,13342,590,siruntu,screen,viewer_8
2023-06-15 15:41:20,14664.0,0.0,16920,560,siruntu,screen,viewer_8
2023-06-15 15:41:21,14664.0,0.0,17800,560,siruntu,screen,viewer_8
2023-06-15 15:41:22,29328.0,0.0,9916,590,siruntu,screen,viewer_8
2023-06-15 15:41:23,14664.0,0.0,13098,624,siruntu,screen,viewer_8
2023-06-15 15:41:24,29328.0,0.0,14392,632,siruntu,screen,viewer_8
2023-06-15 15:41:25,32460.0,0.0,12283,777,siruntu,screen,viewer_8
2023-06-15 15:41:26,47124.0,0.0,13980,707,siruntu,screen,viewer_8
2023-06-15 15:41:27,32460.0,0.0,11259,807,siruntu,screen,viewer_8
2023-06-15 15:41:28,14664.0,0.0,11046,512,siruntu,screen,viewer_8
2023-06-15 15:41:29,14664.0,0.0,15279,590,siruntu,screen,viewer_8
2023-06-15 15:41:30,14664.0,0.0,13748,448,siruntu,screen,viewer_8
2023-06-15 15:41:31,14664.0,0.0,11841,336,siruntu,screen,viewer_8
2023-06-15 15:41:32,14664.0,0.0,12580,702,siruntu,screen,viewer_8
2023-06-15 15:41:33,14664.0,0.0,6855,224,siruntu,screen,viewer_8
2023-06-15 15:41:34,14664.0,0.0,18542,336,siruntu,screen,viewer_8
2023-06-15 15:41:35,14664.0,0.0,12672,654,siruntu,screen,viewer_8
2023-06-15 15:41:36,14664.0,0.0,5310,336,siruntu,screen,viewer_8
2023-06-15 15:41:37,14664.0,0.0,6129,590,siruntu,screen,viewer_8
2023-06-15 15:41:38,14664.0,0.0,13971,448,siruntu,screen,viewer_8
2023-06-15 15:41:39,29328.0,0.0,13948,512,siruntu,screen,viewer_8
2023-06-15 15:41:40,14664.0,0.0,13081,590,siruntu,screen,viewer_8
2023-06-15 15:41:41,14664.0,0.0,11831,560,siruntu,screen,viewer_8
2023-06-15 15:41:42,14664.0,0.0,9931,654,siruntu,screen,viewer_8
2023-06-15 15:41:43,14664.0,0.0,12579,448,siruntu,screen,viewer_8
2023-06-15 15:41:44,14664.0,0.0,10688,448,siruntu,screen,viewer_8
2023-06-15 15:41:45,14664.0,0.0,7052,478,siruntu,screen,viewer_8
2023-06-15 15:41:46,14664.0,0.0,272,112,siruntu,screen,viewer_8
2023-06-15 15:41:47,14664.0,0.0,41723,336,siruntu,screen,viewer_8
2023-06-15 15:41:48,14664.0,0.0,11611,478,siruntu,screen,viewer_8
2023-06-15 15:41:49,14664.0,0.0,7332,288,siruntu,screen,viewer_8
2023-06-15 15:41:50,14664.0,0.0,6029,366,siruntu,screen,viewer_8
2023-06-15 15:41:51,14664.0,0.0,8213,336,siruntu,screen,viewer_8
2023-06-15 15:41:52,14664.0,0.0,6794,336,siruntu,screen,viewer_8
2023-06-15 15:41:53,14664.0,0.0,9493,590,siruntu,screen,viewer_8
2023-06-15 15:41:54,14664.0,0.0,11422,448,siruntu,screen,viewer_8
2023-06-15 15:41:55,14664.0,0.0,11493,542,siruntu,screen,viewer_8
2023-06-15 15:41:56,14664.0,0.0,9597,112,siruntu,screen,viewer_8
2023-06-15 15:41:57,29328.0,0.0,5400,378,siruntu,screen,viewer_8
2023-06-15 15:41:59,14664.0,0.0,12954,254,siruntu,screen,viewer_8
2023-06-15 15:42:00,14664.0,0.0,14464,224,siruntu,screen,viewer_8
2023-06-15 15:42:01,14664.0,0.0,12556,224,siruntu,screen,viewer_8
2023-06-15 15:42:02,14664.0,0.0,9877,430,siruntu,screen,viewer_8
2023-06-15 15:42:03,14664.0,0.0,5269,224,siruntu,screen,viewer_8
2023-06-15 15:42:04,14664.0,0.0,15216,366,siruntu,screen,viewer_8
2023-06-15 15:42:05,29328.0,0.0,10064,336,siruntu,screen,viewer_8
2023-06-15 15:42:06,14664.0,0.0,12478,336,siruntu,screen,viewer_8
2023-06-15 15:42:07,14664.0,0.0,8013,430,siruntu,screen,viewer_8
2023-06-15 15:42:08,29328.0,0.0,15543,448,siruntu,screen,viewer_8
2023-06-15 15:42:09,14664.0,0.0,11467,336,siruntu,screen,viewer_8
2023-06-15 15:42:10,29328.0,0.0,12530,520,siruntu,screen,viewer_8
2023-06-15 15:42:11,29328.0,0.0,11544,448,siruntu,screen,viewer_8
2023-06-15 15:42:12,29328.0,0.0,9644,590,siruntu,screen,viewer_8
2023-06-15 15:42:13,14664.0,0.0,10853,512,siruntu,screen,viewer_8
2023-06-15 15:42:14,29328.0,0.0,11694,602,siruntu,screen,viewer_8
2023-06-15 15:42:15,29328.0,0.0,13889,590,siruntu,screen,viewer_8
2023-06-15 15:42:16,29328.0,0.0,11932,448,siruntu,screen,viewer_8
2023-06-15 15:42:17,14664.0,0.0,12272,478,siruntu,screen,viewer_8
2023-06-15 15:42:18,29328.0,0.0,12070,336,siruntu,screen,viewer_8
2023-06-15 15:42:19,29328.0,0.0,11701,448,siruntu,screen,viewer_8
2023-06-15 15:42:20,29328.0,0.0,12421,542,siruntu,screen,viewer_8
2023-06-15 15:42:21,43992.0,0.0,11841,448,siruntu,screen,viewer_8
2023-06-15 15:42:22,29328.0,0.0,9380,336,siruntu,screen,viewer_8
2023-06-15 15:42:23,14664.0,0.0,11662,654,siruntu,screen,viewer_8
2023-06-15 15:42:24,29328.0,0.0,12260,560,siruntu,screen,viewer_8
2023-06-15 15:42:25,14664.0,0.0,12091,590,siruntu,screen,viewer_8
2023-06-15 15:42:26,29328.0,0.0,12782,448,siruntu,screen,viewer_8
2023-06-15 15:42:27,14664.0,0.0,11286,448,siruntu,screen,viewer_8
2023-06-15 15:42:28,14664.0,0.0,11766,590,siruntu,screen,viewer_8
2023-06-15 15:42:29,29328.0,0.0,13876,624,siruntu,screen,viewer_8
2023-06-15 15:42:30,29328.0,0.0,14356,632,siruntu,screen,viewer_8
2023-06-15 15:42:31,29328.0,0.0,12209,560,siruntu,screen,viewer_8
2023-06-15 15:42:32,14664.0,0.0,9247,448,siruntu,screen,viewer_8
2023-06-15 15:42:33,14664.0,0.0,11195,590,siruntu,screen,viewer_8
2023-06-15 15:42:34,14664.0,0.0,11774,336,siruntu,screen,viewer_8
2023-06-15 15:42:35,14664.0,0.0,12401,560,siruntu,screen,viewer_8
2023-06-15 15:42:36,14664.0,0.0,12972,654,siruntu,screen,viewer_8
2023-06-15 15:42:37,29328.0,0.0,9193,448,siruntu,screen,viewer_8
2023-06-15 15:42:38,29328.0,0.0,14023,590,siruntu,screen,viewer_8
2023-06-15 15:42:39,29328.0,0.0,12353,448,siruntu,screen,viewer_8
2023-06-15 15:42:40,14664.0,0.0,15043,336,siruntu,screen,viewer_8
2023-06-15 15:42:41,14664.0,0.0,15359,654,siruntu,screen,viewer_8
2023-06-15 15:42:42,14664.0,0.0,13276,448,siruntu,screen,viewer_8
2023-06-15 15:42:43,14664.0,0.0,19086,590,siruntu,screen,viewer_8
2023-06-15 15:42:44,14664.0,0.0,19198,512,siruntu,screen,viewer_8
2023-06-15 15:42:45,14664.0,0.0,20017,448,siruntu,screen,viewer_8
2023-06-15 15:42:46,29328.0,0.0,18813,632,siruntu,screen,viewer_8
2023-06-15 15:42:47,14664.0,0.0,3361,336,siruntu,screen,viewer_8
2023-06-15 15:42:48,14664.0,0.0,4787,336,siruntu,screen,viewer_8
2023-06-15 15:42:49,14664.0,0.0,11886,702,siruntu,screen,viewer_8
2023-06-15 15:42:50,14664.0,0.0,14507,590,siruntu,screen,viewer_8
2023-06-15 15:42:51,14664.0,0.0,15197,512,siruntu,screen,viewer_8
2023-06-15 15:42:53,14664.0,0.0,14942,590,siruntu,screen,viewer_8
2023-06-15 15:42:54,29328.0,0.0,16028,112,siruntu,screen,viewer_8
2023-06-15 15:42:55,29328.0,0.0,15644,266,siruntu,screen,viewer_8
2023-06-15 15:42:56,14664.0,0.0,7690,478,siruntu,screen,viewer_8
2023-06-15 15:42:57,14664.0,0.0,18226,288,siruntu,screen,viewer_8
2023-06-15 15:42:58,14664.0,0.0,13325,478,siruntu,screen,viewer_8
2023-06-15 15:42:59,29328.0,0.0,14590,112,siruntu,screen,viewer_8
2023-06-15 15:43:00,14664.0,0.0,11891,112,siruntu,screen,viewer_8
2023-06-15 15:43:01,29328.0,0.0,10954,366,siruntu,screen,viewer_8
2023-06-15 15:43:02,29328.0,0.0,8547,176,siruntu,screen,viewer_8
2023-06-15 15:43:03,14664.0,0.0,9273,478,siruntu,screen,viewer_8
2023-06-15 15:43:04,29328.0,0.0,11338,336,siruntu,screen,viewer_8
2023-06-15 15:43:05,14664.0,0.0,5768,400,siruntu,screen,viewer_8
2023-06-15 15:43:06,14664.0,0.0,7048,590,siruntu,screen,viewer_8
2023-06-15 15:43:07,29328.0,0.0,6498,590,siruntu,screen,viewer_8
2023-06-15 15:43:08,29328.0,0.0,7292,478,siruntu,screen,viewer_8
2023-06-15 15:43:09,29328.0,0.0,17547,624,siruntu,screen,viewer_8
2023-06-15 15:43:11,29328.0,0.0,17962,590,siruntu,screen,viewer_8
2023-06-15 15:43:12,29328.0,0.0,12116,448,siruntu,screen,viewer_8
2023-06-15 15:43:13,14664.0,0.0,13135,496,siruntu,screen,viewer_8
2023-06-15 15:43:14,14664.0,0.0,33154,1406,siruntu,screen,viewer_8
2023-06-15 15:43:15,14664.0,0.0,166525,176,siruntu,screen,viewer_8
2023-06-15 15:43:16,14664.0,0.0,15121,254,siruntu,screen,viewer_8
2023-06-15 15:43:17,14664.0,0.0,5816,112,siruntu,screen,viewer_8
2023-06-15 15:43:18,14664.0,0.0,6988,112,siruntu,screen,viewer_8
2023-06-15 15:43:19,14664.0,0.0,9457,542,siruntu,screen,viewer_8
2023-06-15 15:43:20,14664.0,0.0,12274,112,siruntu,screen,viewer_8
2023-06-15 15:43:22,14664.0,0.0,9666,478,siruntu,screen,viewer_8
2023-06-15 15:43:23,14664.0,0.0,4601,176,siruntu,screen,viewer_8
2023-06-15 15:43:24,14664.0,0.0,12517,366,siruntu,screen,viewer_8
2023-06-15 15:43:25,29328.0,0.0,11384,224,siruntu,screen,viewer_8
2023-06-15 15:43:26,32460.0,0.0,7946,546,siruntu,screen,viewer_8
2023-06-15 15:43:27,32460.0,0.0,6755,583,siruntu,screen,viewer_8
2023-06-15 15:43:28,29328.0,0.0,11132,154,siruntu,screen,viewer_8
2023-06-15 15:43:29,14664.0,0.0,12996,318,siruntu,screen,viewer_8
2023-06-15 15:43:30,29328.0,0.0,15022,992,siruntu,screen,viewer_8
2023-06-15 15:43:31,29328.0,0.0,15184,224,siruntu,screen,viewer_8
2023-06-15 15:43:32,14664.0,0.0,12084,702,siruntu,screen,viewer_8
2023-06-15 15:43:33,14664.0,0.0,6398,366,siruntu,screen,viewer_8
2023-06-15 15:43:34,14664.0,0.0,1772,400,siruntu,screen,viewer_8
2023-06-15 15:43:35,14664.0,0.0,5638,448,siruntu,screen,viewer_8
2023-06-15 15:43:36,14664.0,0.0,10576,478,siruntu,screen,viewer_8
2023-06-15 15:43:37,29328.0,0.0,17072,448,siruntu,screen,viewer_8
2023-06-15 15:43:39,14664.0,0.0,7497,478,siruntu,screen,viewer_8
2023-06-15 15:43:40,14664.0,0.0,9380,448,siruntu,screen,viewer_8
2023-06-15 15:43:41,29328.0,0.0,8379,590,siruntu,screen,viewer_8
2023-06-15 15:43:42,29328.0,0.0,9995,554,siruntu,screen,viewer_8
2023-06-15 15:43:43,14664.0,0.0,29300,352,siruntu,screen,viewer_8
2023-06-15 15:43:44,14664.0,0.0,11343,1518,siruntu,screen,viewer_8
2023-06-15 15:43:45,14664.0,0.0,70463,336,siruntu,screen,viewer_8
2023-06-15 15:43:46,29328.0,0.0,46537,430,siruntu,screen,viewer_8
2023-06-15 15:43:47,29328.0,0.0,7263,112,siruntu,screen,viewer_8
2023-06-15 15:43:48,14664.0,0.0,6295,112,siruntu,screen,viewer_8
2023-06-15 15:43:50,14664.0,0.0,9424,366,siruntu,screen,viewer_8
2023-06-15 15:43:51,14664.0,0.0,18047,224,siruntu,screen,viewer_8
2023-06-15 15:43:52,14664.0,0.0,7035,430,siruntu,screen,viewer_8
2023-06-15 15:43:53,14664.0,0.0,10197,112,siruntu,screen,viewer_8
2023-06-15 15:43:54,14664.0,0.0,9102,224,siruntu,screen,viewer_8
2023-06-15 15:43:55,29328.0,0.0,11379,408,siruntu,screen,viewer_8
2023-06-15 15:43:56,14664.0,0.0,10033,224,siruntu,screen,viewer_8
2023-06-15 15:43:57,14664.0,0.0,8281,254,siruntu,screen,viewer_8
2023-06-15 15:43:58,14664.0,0.0,11177,336,siruntu,screen,viewer_8
2023-06-15 15:43:59,14664.0,0.0,12534,176,siruntu,screen,viewer_8
2023-06-15 15:44:00,14664.0,0.0,12914,254,siruntu,screen,viewer_8
2023-06-15 15:44:01,14664.0,0.0,13405,112,siruntu,screen,viewer_8
2023-06-15 15:44:02,14664.0,0.0,8599,430,siruntu,screen,viewer_8
2023-06-15 15:44:03,14664.0,0.0,11205,224,siruntu,screen,viewer_8
2023-06-15 15:44:04,14664.0,0.0,13377,112,siruntu,screen,viewer_8
2023-06-15 15:44:05,14664.0,0.0,12773,366,siruntu,screen,viewer_8
2023-06-15 15:44:07,14664.0,0.0,14666,288,siruntu,screen,viewer_8
2023-06-15 15:44:08,14664.0,0.0,11725,366,siruntu,screen,viewer_8
2023-06-15 15:44:09,14664.0,0.0,11969,224,siruntu,screen,viewer_8
2023-06-15 15:44:10,14664.0,0.0,10444,224,siruntu,screen,viewer_8
2023-06-15 15:44:11,14664.0,0.0,11957,318,siruntu,screen,viewer_8
2023-06-15 15:44:12,14664.0,0.0,9008,224,siruntu,screen,viewer_8
2023-06-15 15:44:13,14664.0,0.0,9690,254,siruntu,screen,viewer_8
2023-06-15 15:44:14,14664.0,0.0,12852,224,siruntu,screen,viewer_8
2023-06-15 15:44:15,29328.0,0.0,15418,224,siruntu,screen,viewer_8
2023-06-15 15:44:16,14664.0,0.0,13855,318,siruntu,screen,viewer_8
2023-06-15 15:44:17,14664.0,0.0,8906,112,siruntu,screen,viewer_8
2023-06-15 15:44:18,14664.0,0.0,13817,366,siruntu,screen,viewer_8
2023-06-15 15:44:19,14664.0,0.0,11607,112,siruntu,screen,viewer_8
2023-06-15 15:44:20,14664.0,0.0,11938,336,siruntu,screen,viewer_8
2023-06-15 15:44:21,29328.0,0.0,12309,296,siruntu,screen,viewer_8
2023-06-15 15:44:22,14664.0,0.0,8666,224,siruntu,screen,viewer_8
2023-06-15 15:44:23,14664.0,0.0,12608,176,siruntu,screen,viewer_8
2023-06-15 15:44:24,14664.0,0.0,12282,366,siruntu,screen,viewer_8
2023-06-15 15:44:25,14664.0,0.0,11904,224,siruntu,screen,viewer_8
2023-06-15 15:44:26,29328.0,0.0,13274,408,siruntu,screen,viewer_8
2023-06-15 15:44:27,14664.0,0.0,8814,224,siruntu,screen,viewer_8
2023-06-15 15:44:28,14664.0,0.0,12414,176,siruntu,screen,viewer_8
2023-06-15 15:44:29,14664.0,0.0,14453,366,siruntu,screen,viewer_8
2023-06-15 15:44:30,14664.0,0.0,13694,224,siruntu,screen,viewer_8
2023-06-15 15:44:31,14664.0,0.0,11230,366,siruntu,screen,viewer_8
2023-06-15 15:44:32,14664.0,0.0,9845,112,siruntu,screen,viewer_8
2023-06-15 15:44:33,14664.0,0.0,11804,288,siruntu,screen,viewer_8
2023-06-15 15:44:34,14664.0,0.0,12368,366,siruntu,screen,viewer_8
2023-06-15 15:44:35,14664.0,0.0,11479,112,siruntu,screen,viewer_8
2023-06-15 15:44:36,14664.0,0.0,12031,224,siruntu,screen,viewer_8
2023-06-15 15:44:37,14664.0,0.0,11258,366,siruntu,screen,viewer_8
2023-06-15 15:44:38,14664.0,0.0,12358,288,siruntu,screen,viewer_8
2023-06-15 15:44:39,14664.0,0.0,10351,254,siruntu,screen,viewer_8
2023-06-15 15:44:40,14664.0,0.0,13120,112,siruntu,screen,viewer_8
2023-06-15 15:44:41,14664.0,0.0,11402,224,siruntu,screen,viewer_8
2023-06-15 15:44:42,14664.0,0.0,10375,254,siruntu,screen,viewer_8
2023-06-15 15:44:43,14664.0,0.0,12172,288,siruntu,screen,viewer_8
2023-06-15 15:44:44,14664.0,0.0,12082,112,siruntu,screen,viewer_8
2023-06-15 15:44:45,14664.0,0.0,11798,254,siruntu,screen,viewer_8
2023-06-15 15:44:46,14664.0,0.0,6790,112,siruntu,screen,viewer_8
2023-06-15 15:44:47,29328.0,0.0,10918,408,siruntu,screen,viewer_8
2023-06-15 15:44:48,14664.0,0.0,11006,112,siruntu,screen,viewer_8
2023-06-15 15:44:49,14664.0,0.0,11469,224,siruntu,screen,viewer_8
2023-06-15 15:44:50,14664.0,0.0,9653,430,siruntu,screen,viewer_8
2023-06-15 15:44:51,14664.0,0.0,7494,224,siruntu,screen,viewer_8
2023-06-15 15:44:53,14664.0,0.0,7733,254,siruntu,screen,viewer_8
2023-06-15 15:44:54,14664.0,0.0,8410,224,siruntu,screen,viewer_8
2023-06-15 15:44:55,14664.0,0.0,9526,224,siruntu,screen,viewer_8
2023-06-15 15:44:56,14664.0,0.0,7656,366,siruntu,screen,viewer_8
2023-06-15 15:44:57,14664.0,0.0,12357,288,siruntu,screen,viewer_8
2023-06-15 15:44:58,14664.0,0.0,12832,112,siruntu,screen,viewer_8
2023-06-15 15:44:59,14664.0,0.0,12837,366,siruntu,screen,viewer_8
2023-06-15 15:45:00,14664.0,0.0,10544,112,siruntu,screen,viewer_8
2023-06-15 15:45:01,14664.0,0.0,14401,366,siruntu,screen,viewer_8
2023-06-15 15:45:02,14664.0,0.0,9575,112,siruntu,screen,viewer_8
2023-06-15 15:45:03,14664.0,0.0,9686,224,siruntu,screen,viewer_8
2023-06-15 15:45:04,14664.0,0.0,13999,318,siruntu,screen,viewer_8
2023-06-15 15:45:05,14664.0,0.0,11403,336,siruntu,screen,viewer_8
2023-06-15 15:45:06,14664.0,0.0,11775,366,siruntu,screen,viewer_8
2023-06-15 15:45:07,14664.0,0.0,9543,176,siruntu,screen,viewer_8
2023-06-15 15:45:08,14664.0,0.0,11842,224,siruntu,screen,viewer_8
2023-06-15 15:45:09,14664.0,0.0,12228,254,siruntu,screen,viewer_8
2023-06-15 15:45:10,14664.0,0.0,12251,224,siruntu,screen,viewer_8
2023-06-15 15:45:11,29328.0,0.0,11828,330,siruntu,screen,viewer_8
2023-06-15 15:45:12,14664.0,0.0,7632,366,siruntu,screen,viewer_8
2023-06-15 15:45:13,14664.0,0.0,11144,224,siruntu,screen,viewer_8
2023-06-15 15:45:14,14664.0,0.0,12507,430,siruntu,screen,viewer_8
2023-06-15 15:45:15,14664.0,0.0,13683,224,siruntu,screen,viewer_8
2023-06-15 15:45:16,14664.0,0.0,11908,224,siruntu,screen,viewer_8
2023-06-15 15:45:17,29328.0,0.0,10627,366,siruntu,screen,viewer_8
2023-06-15 15:45:18,29328.0,0.0,10456,224,siruntu,screen,viewer_8
2023-06-15 15:45:19,14664.0,0.0,11620,430,siruntu,screen,viewer_8
2023-06-15 15:45:20,14664.0,0.0,10646,224,siruntu,screen,viewer_8
2023-06-15 15:45:21,14664.0,0.0,13153,112,siruntu,screen,viewer_8
2023-06-15 15:45:22,14664.0,0.0,9375,366,siruntu,screen,viewer_8
2023-06-15 15:45:23,14664.0,0.0,13891,224,siruntu,screen,viewer_8
2023-06-15 15:45:24,14664.0,0.0,11310,224,siruntu,screen,viewer_8
2023-06-15 15:45:25,32460.0,0.0,14998,695,siruntu,screen,viewer_8
2023-06-15 15:45:26,32460.0,0.0,11574,617,siruntu,screen,viewer_8
2023-06-15 15:45:27,32460.0,0.0,9381,583,siruntu,screen,viewer_8
2023-06-15 15:45:28,14664.0,0.0,12775,224,siruntu,screen,viewer_8
2023-06-15 15:45:29,14664.0,0.0,13251,336,siruntu,screen,viewer_8
2023-06-15 15:45:30,14664.0,0.0,11652,542,siruntu,screen,viewer_8
2023-06-15 15:45:31,14664.0,0.0,11069,336,siruntu,screen,viewer_8
2023-06-15 15:45:32,14664.0,0.0,9205,590,siruntu,screen,viewer_8
2023-06-15 15:45:33,14664.0,0.0,12506,448,siruntu,screen,viewer_8
2023-06-15 15:45:34,14664.0,0.0,11720,560,siruntu,screen,viewer_8
2023-06-15 15:45:35,14664.0,0.0,10620,590,siruntu,screen,viewer_8
2023-06-15 15:45:36,14664.0,0.0,14130,336,siruntu,screen,viewer_8
2023-06-15 15:45:37,14664.0,0.0,12472,512,siruntu,screen,viewer_8
2023-06-15 15:45:38,14664.0,0.0,13895,702,siruntu,screen,viewer_8
2023-06-15 15:45:39,14664.0,0.0,8824,336,siruntu,screen,viewer_8
2023-06-15 15:45:41,14664.0,0.0,0,318,siruntu,screen,viewer_8
2023-06-15 15:45:42,14664.0,0.0,0,1502,siruntu,screen,viewer_8
2023-06-15 15:45:43,14664.0,0.0,0,2602,siruntu,screen,viewer_8
2023-06-15 15:45:44,14664.0,0.0,0,2496,siruntu,screen,viewer_8
2023-06-15 15:45:45,14664.0,0.0,0,2526,siruntu,screen,viewer_8
2023-06-15 15:45:46,14664.0,0.0,0,2414,siruntu,screen,viewer_8
2023-06-15 15:45:47,14664.0,0.0,0,2414,siruntu,screen,viewer_8
2023-06-15 15:45:49,14664.0,0.0,0,2414,siruntu,screen,viewer_8
2023-06-15 15:45:50,14664.0,0.0,0,2272,siruntu,screen,viewer_8
2023-06-15 15:45:51,14664.0,0.0,0,2414,siruntu,screen,viewer_8
2023-06-15 15:45:52,14664.0,0.0,0,2414,siruntu,screen,viewer_8
2023-06-15 15:45:53,14664.0,0.0,0,2414,siruntu,screen,viewer_8
2023-06-15 15:45:54,14664.0,0.0,0,2414,siruntu,screen,viewer_8
2023-06-15 15:45:55,14664.0,0.0,0,2414,siruntu,screen,viewer_8
2023-06-15 15:46:01,29328.0,0.0,0,894,siruntu,screen,viewer_8
